1,Roy,Olson,rolson0@unicef.org,Péruwelz,jcb,3529837637846396
2,Ernest,Jordan,ejordan1@bbb.org,Haiphong,laser,6709690176583895
3,Kevin,Owens,kowens2@amazonaws.com,Meïganga,diners-club-enroute,201894731573435
4,Linda,Shaw,lshaw3@phoca.cz,Tilamuta,jcb,3557516682743139
5,Johnny,Warren,jwarren4@barnesandnoble.com,Warsaw,jcb,3584176609602202
6,Gregory,Williams,gwilliams5@cnet.com,Changuillo,instapayment,6387154532619066
7,Jacqueline,Lee,jlee6@examiner.com,Mont-de-Marsan,switch,675994200764660729
8,Kenneth,Sullivan,ksullivan7@tmall.com,Jiangcun,bankcard,5602252493091423
9,Todd,Ford,tford8@twitter.com,Châteauroux,switch,564182221403363416
10,Jason,Reynolds,jreynolds9@abc.net.au,Béja,jcb,3548402374036805
11,Thomas,Matthews,tmatthewsa@cnbc.com,Amucao,bankcard,5602238615257547
12,Phillip,Kelley,pkelleyb@people.com.cn,San Francisco,bankcard,5602228161505860
13,Russell,Banks,rbanksc@npr.org,Ōmamachō-ōmama,jcb,3537740646396462
14,Dennis,Ortiz,dortizd@hao123.com,Perosinho,jcb,3553158936662536
15,Kathy,Dean,kdeane@plala.or.jp,Sumeng,jcb,3567677775852043
16,Joe,Webb,jwebbf@e-recht24.de,Guantang,americanexpress,347080784357166
17,Annie,Warren,awarreng@nasa.gov,Polańczyk,jcb,3567857840069647
18,Lori,Williams,lwilliamsh@chicagotribune.com,Sungaikakap,china-unionpay,560223262274938620
19,Samuel,Hayes,shayesi@aol.com,Sutton,jcb,3564691261323396
20,Teresa,Welch,twelchj@4shared.com,Shinaihai,jcb,3588742908751390
21,Gerald,Simmons,gsimmonsk@sakura.ne.jp,Dashev,diners-club-carte-blanche,30228912751402
22,Emily,Reed,ereedl@hexun.com,Huangjing,maestro,5038528692949139
23,Donna,Hansen,dhansenm@cnn.com,Wates,diners-club-carte-blanche,30312513667827
24,Dorothy,Payne,dpaynen@shop-pro.jp,Kembang,jcb,3535816176848031
25,Joseph,Grant,jgranto@google.de,Lago da Pedra,jcb,3562847719582122
26,James,Gilbert,jgilbertp@accuweather.com,Hejiabao,mastercard,5108754480135310
27,Tina,Kim,tkimq@people.com.cn,Rupe,maestro,50380409643531971
28,Frank,Cook,fcookr@omniture.com,Stąporków,jcb,3529988949145397
29,Samuel,Wilson,swilsons@latimes.com,Idah,jcb,3577860654826456
30,Jeremy,Flores,jflorest@ebay.com,Tabuny,jcb,3538485987678206
31,Stephen,Spencer,sspenceru@sitemeter.com,Mikhaylovsk,bankcard,5602221633515716
32,Mary,Larson,mlarsonv@amazonaws.com,Varva,jcb,3582213318583274
33,Earl,Vasquez,evasquezw@indiatimes.com,Los Angeles,jcb,3564876551119469
34,Walter,Burton,wburtonx@discovery.com,Titao,mastercard,5010123557203178
35,Scott,Wagner,swagnery@ucsd.edu,Huancheng,jcb,3560550646473223
36,Dorothy,Reid,dreidz@who.int,Kedungdowo,maestro,6762186319627164
37,Christopher,Murphy,cmurphy10@bigcartel.com,Kuče,jcb,3542321548655512
38,Adam,Hughes,ahughes11@paginegialle.it,Město Albrechtice,diners-club-enroute,201427268092170
39,Eugene,Schmidt,eschmidt12@macromedia.com,Lubbock,americanexpress,372301585272646
40,Jonathan,Reed,jreed13@imgur.com,Ożarów,mastercard,5048373599128950
41,David,Woods,dwoods14@umn.edu,Baborów,jcb,3588551759226646
42,Christina,Armstrong,carmstrong15@about.com,Kakamas,americanexpress,372477083689158
43,Larry,Montgomery,lmontgomery16@symantec.com,Lutian,jcb,3552499333919900
44,Virginia,Ford,vford17@theatlantic.com,Houston,mastercard,5209895638715244
45,Todd,Morrison,tmorrison18@mashable.com,Kilkenny,jcb,3536223394110956
46,Adam,Wheeler,awheeler19@wiley.com,Babakan,maestro,5018777056579602
47,Joyce,Nguyen,jnguyen1a@list-manage.com,Galubakul,mastercard,5100141897226379
48,Anne,Reed,areed1b@ehow.com,Nässjö,americanexpress,337941378953367
49,Pamela,Harvey,pharvey1c@usgs.gov,Frederiksberg,maestro,5038565604478518
50,Keith,Perry,kperry1d@twitpic.com,Proboštov,diners-club-us-ca,5425881154320336
51,Diana,Hunt,dhunt1e@themeforest.net,Taunan,maestro,5038425678893086202
52,Martha,Fisher,mfisher1f@reuters.com,Mikhaylov,china-unionpay,560222507969762078
53,Ashley,Stewart,astewart1g@howstuffworks.com,Colonia Elía,maestro,67619518458711473
54,Billy,Greene,bgreene1h@msu.edu,Bantarpanjang,diners-club-enroute,201703282135801
55,Martin,Wells,mwells1i@marketwatch.com,Bayt Qād,switch,5641826185307920113
56,Evelyn,Gilbert,egilbert1j@e-recht24.de,Nacimiento,china-unionpay,5602232267090348
57,Joshua,Kelley,jkelley1k@unesco.org,Punta del Este,diners-club-enroute,201568686703292
58,Jose,Kelly,jkelly1l@alibaba.com,Villa Serrano,visa-electron,4917428828310976
59,Debra,Harris,dharris1m@vistaprint.com,Kuala Terengganu,visa,4297859616339332
60,Jerry,Chavez,jchavez1n@narod.ru,Vogar,jcb,3588409766569245
61,Charles,Brown,cbrown1o@cnet.com,Churubamba,jcb,3530159128994115
62,Lori,Mcdonald,lmcdonald1p@sciencedirect.com,Luebo,mastercard,5100178018885113
63,Lisa,Murphy,lmurphy1q@yellowpages.com,Stepnogorsk,china-unionpay,5602242897986725674
64,Ronald,Hansen,rhansen1r@typepad.com,Tierp,laser,6304000566207874
65,Ann,Barnes,abarnes1s@rakuten.co.jp,Quşrah,bankcard,5602244346696979
66,Alice,Freeman,afreeman1t@army.mil,Dongxin,mastercard,5148376070335308
67,Denise,Hunt,dhunt1u@apple.com,Acomayo,americanexpress,376839453128941
68,Evelyn,Gardner,egardner1v@pagesperso-orange.fr,Itacarambi,diners-club-carte-blanche,30198688798053
69,Stephanie,Cunningham,scunningham1w@bbc.co.uk,Emmaboda,switch,6759439609217156037
70,Johnny,Cole,jcole1x@dailymotion.com,Horizonte,jcb,3540216156558044
71,Christopher,Lewis,clewis1y@scribd.com,Jinping,switch,6759764703351552005
72,Maria,Warren,mwarren1z@bravesites.com,Beigao,jcb,3565498916172965
73,Heather,Holmes,hholmes20@imgur.com,Qaryat al Qābil,jcb,3589945531189917
74,Alice,Hernandez,ahernandez21@comcast.net,Al Madān,jcb,3555464401325817
75,Nicholas,West,nwest22@sphinn.com,Danville,china-unionpay,56022161766356519
76,Cynthia,Rivera,crivera23@mayoclinic.com,Mâcon,jcb,3528525176887779
77,Carol,Spencer,cspencer24@ow.ly,Samara,china-unionpay,5602214190574433214
78,Chris,Wheeler,cwheeler25@w3.org,Sukodono,switch,5641820052730000424
79,Jane,Armstrong,jarmstrong26@zimbio.com,Casais,laser,63045416106392122
80,Diana,Powell,dpowell27@mozilla.com,Vladimir,jcb,3542631696633479
81,Aaron,West,awest28@tinypic.com,Xiayang,switch,4936030522484026040
82,Janice,George,jgeorge29@ycombinator.com,Mauponggo,diners-club-carte-blanche,30597747810447
83,Daniel,Fisher,dfisher2a@nydailynews.com,Margherita,jcb,3530267324063203
84,Ruby,Scott,rscott2b@webeden.co.uk,Dzagam,jcb,3573268684496940
85,Norma,Garza,ngarza2c@studiopress.com,Victoria,jcb,3554930611467012
86,Louis,Peterson,lpeterson2d@squidoo.com,Ximei,jcb,3577408712598681
87,Angela,Martinez,amartinez2e@vistaprint.com,Klevan’,jcb,3532369041360991
88,Arthur,Torres,atorres2f@sbwire.com,Tuncheng,jcb,3575479278027904
89,Kathy,Ellis,kellis2g@businessweek.com,Temanjang,jcb,3579331806669937
90,Matthew,Miller,mmiller2h@4shared.com,Emiliano Zapata,jcb,3556592671485272
91,Mildred,Gibson,mgibson2i@va.gov,Mazkeret Batya,maestro,676296009214141773
92,Charles,Porter,cporter2j@1und1.de,Qiaoxia,diners-club-carte-blanche,30475231360353
93,Gregory,Pierce,gpierce2k@shop-pro.jp,Chuangye,maestro,676174384571328884
94,Ryan,Porter,rporter2l@loc.gov,Voinjama,bankcard,5602258805745366
95,Donald,Graham,dgraham2m@ucla.edu,Birmingham,jcb,3589080473817984
96,Louise,Johnston,ljohnston2n@go.com,Fuchūchō,diners-club-carte-blanche,30116563324589
97,Robin,Hudson,rhudson2o@tuttocitta.it,Futian,jcb,3569522625396924
98,Donald,Lewis,dlewis2p@fotki.com,Askersund,jcb,3545430967094975
99,Phyllis,Lawrence,plawrence2q@github.io,Lela,visa-electron,4026173790737453
100,Mildred,Black,mblack2r@netvibes.com,Jamaica,visa,4711439033896434
101,Carol,Hanson,chanson2s@typepad.com,Kuala Terengganu,jcb,3578441453907406
102,Jeremy,Russell,jrussell2t@sun.com,Zhujiang,visa-electron,4026881886440499
103,Phyllis,Hunt,phunt2u@yolasite.com,Estela,jcb,3584022335642528
104,Judith,Romero,jromero2v@loc.gov,Egvekinot,jcb,3541731845126788
105,Billy,Stevens,bstevens2w@shutterfly.com,Klatovy,jcb,3584752759856556
106,Johnny,Nichols,jnichols2x@taobao.com,Charlotte Amalie,mastercard,5242278062814164
107,Dorothy,Meyer,dmeyer2y@salon.com,Ресен,jcb,3561839192755979
108,Ronald,Anderson,randerson2z@ca.gov,Carangola,jcb,3555087780111167
109,Peter,Fuller,pfuller30@census.gov,Capalayan,jcb,3567998864833615
110,Ralph,Olson,rolson31@senate.gov,Igurubi,jcb,3546379684258778
111,Tina,Hawkins,thawkins32@ft.com,Nankai,jcb,3570880563787489
112,Russell,Romero,rromero33@youku.com,Jaba‘,switch,4905503996576853193
113,Samuel,Rodriguez,srodriguez34@stumbleupon.com,Fengshan,diners-club-enroute,201462005013221
114,Ronald,Bell,rbell35@stanford.edu,Osveya,americanexpress,372301760078230
115,Eugene,Gilbert,egilbert36@photobucket.com,Pul-e Sangī,visa-electron,4026927469417840
116,Donna,Howell,dhowell37@huffingtonpost.com,Ziguinchor,bankcard,5610439936958025
117,Janice,George,jgeorge38@discovery.com,Al Bawīţī,jcb,3579325424140354
118,Patrick,Shaw,pshaw39@w3.org,Péplos,jcb,3548639605363264
119,Brian,Bowman,bbowman3a@jimdo.com,Kingisepp,jcb,3560934582675472
120,Virginia,Cook,vcook3b@microsoft.com,Xiaxi,mastercard,5048376875421783
121,Sharon,Patterson,spatterson3c@adobe.com,Lanhas,jcb,3587777453835413
122,Donna,Turner,dturner3d@cpanel.net,Betio Village,jcb,3528007069582783
123,Angela,Price,aprice3e@usa.gov,Blagodarnyy,china-unionpay,5602241632294387730
124,Robin,Fox,rfox3f@digg.com,Merklín,china-unionpay,561068578796703358
125,Phyllis,Simpson,psimpson3g@ucsd.edu,Kedungwringin Satu,jcb,3551228663742579
126,Norma,Jackson,njackson3h@canalblog.com,Årsta,visa-electron,4917126748037865
127,Juan,Oliver,joliver3i@theglobeandmail.com,Kurortnyy,americanexpress,337941881682727
128,Anne,Freeman,afreeman3j@abc.net.au,Stuttgart,china-unionpay,5602253588538260
129,Denise,Lopez,dlopez3k@wikispaces.com,Créteil,jcb,3580421648416964
130,Ruth,Johnston,rjohnston3l@nasa.gov,Batad,switch,6759385661175906
131,Robert,Larson,rlarson3m@cnbc.com,Maroua,maestro,6763714895915380783
132,George,Harrison,gharrison3n@uol.com.br,Mutatá,jcb,3556705859821700
133,Brenda,Lynch,blynch3o@domainmarket.com,Azor,jcb,3585869584590694
134,David,Robinson,drobinson3p@vimeo.com,Nowshahr,jcb,3570810963215476
135,Denise,Watkins,dwatkins3q@posterous.com,Santo Domingo Este,switch,633110060034548700
136,Catherine,Anderson,canderson3r@discovery.com,Meiyuan,jcb,3546166167855745
137,Andrea,Garrett,agarrett3s@earthlink.net,Tanggung,jcb,3589720761453097
138,Terry,Shaw,tshaw3t@goo.gl,Akashi,mastercard,5108751871713853
139,Martha,Wells,mwells3u@jimdo.com,Santa Magdalena,visa,4017959637698879
140,Larry,Richards,lrichards3v@360.cn,Baras,americanexpress,374283470113655
141,Jason,Young,jyoung3w@smh.com.au,Simpang,jcb,3554712026335087
142,Joan,Medina,jmedina3x@jimdo.com,Jandaia do Sul,switch,6333225881742132
143,Charles,Robertson,crobertson3y@telegraph.co.uk,Krajan Satu,jcb,3576932515860783
144,Eugene,Young,eyoung3z@flickr.com,Tongren,jcb,3586084752498451
145,Donald,Murphy,dmurphy40@geocities.com,Cipanjang,jcb,3530427112752025
146,Frances,Hernandez,fhernandez41@hexun.com,Qaryūt,mastercard,5100131869519273
147,Robert,Martinez,rmartinez42@ft.com,Kembangkerang Lauk Timur,maestro,502000167764147288
148,Cheryl,Ruiz,cruiz43@reddit.com,Yeniugou,switch,4936480364858725
149,Richard,Gonzalez,rgonzalez44@stanford.edu,Mellieħa,jcb,3552317926528211
150,Stephanie,Howell,showell45@tripadvisor.com,Luklukan,americanexpress,376797360602244
151,Louise,Bishop,lbishop46@house.gov,Dawuhan,bankcard,5602213413339151
152,Kathryn,Berry,kberry47@weibo.com,Longka,visa-electron,4508385191798424
153,Jason,Adams,jadams48@hibu.com,Fairview,americanexpress,372301932756770
154,Justin,Harris,jharris49@xrea.com,Athabasca,diners-club-carte-blanche,30238956689061
155,Bobby,Nelson,bnelson4a@scientificamerican.com,Al Qaţn,jcb,3557949137775341
156,Eugene,Miller,emiller4b@bigcartel.com,Jincun,jcb,3581584761617327
157,Sharon,George,sgeorge4c@google.com.hk,Chợ Mới,solo,676771570483711848
158,Karen,Rivera,krivera4d@wix.com,San Carlos,instapayment,6393064952638375
159,Doris,Ramos,dramos4e@dot.gov,Pukekohe East,mastercard,5100136955536115
160,Antonio,Webb,awebb4f@java.com,Rajūzah,jcb,3583628500758187
161,Harry,Robinson,hrobinson4g@arstechnica.com,Bihoro,jcb,3560234700280010
162,Carol,Smith,csmith4h@irs.gov,Agrela,diners-club-international,36216070882865
163,Carl,Gardner,cgardner4i@nsw.gov.au,Montréal-Ouest,jcb,3549505195080221
164,Nancy,Lopez,nlopez4j@bravesites.com,Minglanilla,jcb,3554595859745153
165,Ernest,Lane,elane4k@ovh.net,Zhongshangang,maestro,50388076386256348
166,Debra,Perry,dperry4l@odnoklassniki.ru,Banjeru,visa-electron,4405640862765498
167,Andrea,Nelson,anelson4m@bigcartel.com,Pontang Tengah,jcb,3551268732896139
168,Roger,Brooks,rbrooks4n@psu.edu,Sheshory,visa,4041372942425
169,Jessica,Oliver,joliver4o@yellowbook.com,Tolkmicko,jcb,3537465240649054
170,Gregory,Black,gblack4p@joomla.org,Kalisangkrah Lor,diners-club-international,36146782560048
171,Ryan,Kim,rkim4q@cnet.com,Zavolzh’ye,switch,4936365188646689
172,Charles,Richards,crichards4r@skype.com,Kafr Dān,instapayment,6399188216480813
173,Lawrence,Snyder,lsnyder4s@dot.gov,Masaran,jcb,3574661167579498
174,Gregory,Richards,grichards4t@reuters.com,Książ Wielkopolski,jcb,3551303069044779
175,Joyce,Black,jblack4u@irs.gov,Yangyu,mastercard,5542058960100057
176,Paul,Nelson,pnelson4v@godaddy.com,Arvayheer,diners-club-carte-blanche,30083712067107
177,Kathleen,Oliver,koliver4w@desdev.cn,Kabūdarāhang,maestro,58933989886551542
178,Susan,Dunn,sdunn4x@columbia.edu,Bairro Assunção Piedade,bankcard,5602255090461782
179,Debra,Spencer,dspencer4y@jalbum.net,Synya,jcb,3543189697648128
180,Tina,Howell,thowell4z@ocn.ne.jp,Matmata,jcb,3560053848317488
181,Maria,Kim,mkim50@cisco.com,Strohonivka,jcb,3532593370123916
182,Russell,Welch,rwelch51@nyu.edu,Oyo,visa-electron,4844576703085317
183,Fred,Robertson,frobertson52@wikispaces.com,Nakhon Chai Si,china-unionpay,5602215845224968
184,Virginia,Daniels,vdaniels53@apache.org,Rudnyy,jcb,3532707593712590
185,Frank,Hamilton,fhamilton54@yelp.com,Atipuluhan,switch,6759307006334611490
186,Henry,Gilbert,hgilbert55@hubpages.com,Nanyang,maestro,5020527203509846983
187,Norma,Day,nday56@example.com,Mojorembun,jcb,3570953712968548
188,Julie,Watkins,jwatkins57@paginegialle.it,Mojimán,americanexpress,374288525769013
189,Sandra,Edwards,sedwards58@ucoz.ru,Haimen,diners-club-enroute,201630818375769
190,Matthew,Ray,mray59@msn.com,Igang,china-unionpay,560221550582603692
191,Janet,Nichols,jnichols5a@google.co.uk,Watangan,maestro,6762853581883706
192,Paul,Armstrong,parmstrong5b@go.com,Querocotillo,maestro,50203240732810124
193,Jessica,Reid,jreid5c@nydailynews.com,Kloangpopot,diners-club-carte-blanche,30544976153461
194,Patrick,Bell,pbell5d@dedecms.com,New Yekepa,diners-club-us-ca,5555966774020242
195,Juan,Fields,jfields5e@salon.com,Enskede,maestro,6762389867113862793
196,Sara,Powell,spowell5f@i2i.jp,Longtang,jcb,3581293104318672
197,Arthur,Davis,adavis5g@tripod.com,Värnamo,china-unionpay,5602245806472603
198,Patrick,Edwards,pedwards5h@yahoo.co.jp,Maojia,visa-electron,4405258285596018
199,Benjamin,Romero,bromero5i@parallels.com,Vila Chã de Ourique,diners-club-international,36179633481809
200,Janet,Austin,jaustin5j@soundcloud.com,Talavera,switch,6333332633632585
201,Howard,Mcdonald,hmcdonald5k@samsung.com,Songhe,jcb,3533037587773542
202,Deborah,Cole,dcole5l@europa.eu,Andalan,switch,490314746258145459
203,Theresa,Foster,tfoster5m@last.fm,Pedrulheira,switch,6759856698284233799
204,Mildred,Collins,mcollins5n@macromedia.com,Cergy-Pontoise,mastercard,5551889418372577
205,Eric,Myers,emyers5o@ibm.com,Bébédja,jcb,3553867477665126
206,Julia,Simmons,jsimmons5p@miibeian.gov.cn,Nuasepu,jcb,3543283593191380
207,Terry,Harvey,tharvey5q@salon.com,Kašina,maestro,6304349161955266
208,Bruce,Webb,bwebb5r@uiuc.edu,Aracaju,americanexpress,372301741235917
209,Ashley,Mitchell,amitchell5s@newyorker.com,Bom Despacho,mastercard,5007661349806563
210,Frances,Young,fyoung5t@quantcast.com,Songkeng,visa-electron,4844356887608881
211,Adam,Nelson,anelson5u@hugedomains.com,Estrada,jcb,3577852465176189
212,Cheryl,Ramirez,cramirez5v@prweb.com,Ganyi,instapayment,6388475237439586
213,Aaron,Jacobs,ajacobs5w@google.cn,Choszczno,jcb,3538617277057465
214,Rose,Thomas,rthomas5x@unicef.org,Wielka Wieś,maestro,5020338793275456784
215,Cynthia,Schmidt,cschmidt5y@globo.com,Lazaro Cardenas,visa-electron,4405363614928815
216,Sandra,Gray,sgray5z@opensource.org,Nirasaki,jcb,3534743056323136
217,Mark,Harris,mharris60@msu.edu,Goussainville,visa-electron,4844439300767243
218,Albert,Gibson,agibson61@oracle.com,Pilawa,jcb,3565503439900733
219,Timothy,Moreno,tmoreno62@narod.ru,Simo,visa,4912073687816898
220,Sara,Peters,speters63@wired.com,Jönköping,china-unionpay,5602232887365103330
221,Helen,Fernandez,hfernandez64@opera.com,Gyumri,maestro,6759620212368703
222,Henry,Morgan,hmorgan65@dyndns.org,Santo Tomas,americanexpress,373182545791167
223,Samuel,Banks,sbanks66@wiley.com,Empangeni,jcb,3567020756583917
224,Janet,Fuller,jfuller67@illinois.edu,Sartrouville,jcb,3555772339665819
225,Randy,Graham,rgraham68@zdnet.com,Novospasskoye,jcb,3544070133852301
226,Marie,Porter,mporter69@skype.com,Muke,china-unionpay,5610462493199398164
227,Joan,Barnes,jbarnes6a@patch.com,Jiuchi,diners-club-international,36261007769454
228,Sandra,Reed,sreed6b@wikipedia.org,Huai’an,americanexpress,374622344284343
229,Stephanie,Burns,sburns6c@time.com,Shaxi,jcb,3544740031539115
230,Sharon,Richards,srichards6d@apple.com,Huacapampa,bankcard,5602221977570780
231,Donna,Powell,dpowell6e@dion.ne.jp,Kalá Déndra,maestro,503853578613435367
232,Thomas,Allen,tallen6f@walmart.com,Velké Bílovice,jcb,3547646389229240
233,Michelle,Andrews,mandrews6g@hp.com,Buta,mastercard,5108751414040996
234,Christine,Graham,cgraham6h@vk.com,Xikou,diners-club-carte-blanche,30069032655549
235,Martha,Webb,mwebb6i@europa.eu,Trondheim,china-unionpay,5610567873121704593
236,Amanda,Sullivan,asullivan6j@theatlantic.com,Castanhal,jcb,3541612383059955
237,Chris,Gardner,cgardner6k@house.gov,Niimi,switch,4936097803754636
238,Eugene,Hamilton,ehamilton6l@umich.edu,Cayambe,jcb,3546792131121359
239,Carlos,Clark,cclark6m@youtu.be,Ping’an,solo,676755356512971615
240,Gregory,Burns,gburns6n@mozilla.com,Llaillay,visa,4017956877708
241,Michelle,Tucker,mtucker6o@naver.com,Poitiers,jcb,3546880284266962
242,Sarah,Nelson,snelson6p@prweb.com,Iwata,jcb,3533153925675966
243,Billy,Reyes,breyes6q@netvibes.com,Rāiwind,mastercard,5002352791232566
244,Dennis,Dunn,ddunn6r@google.fr,Nanshui,mastercard,5010124954042615
245,Alice,Watson,awatson6s@g.co,Kericho,jcb,3573184938261388
246,Daniel,Reid,dreid6t@java.com,Oelui,diners-club-enroute,201422012969690
247,Marilyn,Medina,mmedina6u@ucoz.com,Bang Pahan,mastercard,5100171000035425
248,Christine,Rice,crice6v@chronoengine.com,Butubut Norte,jcb,3570299006640652
249,Phillip,Gardner,pgardner6w@hud.gov,Banfora,jcb,3530237463447582
250,Walter,Lawrence,wlawrence6x@tiny.cc,Boshof,jcb,3544552461308857
251,Eugene,Hall,ehall6y@usa.gov,Austin,jcb,3550521473469412
252,Henry,Brown,hbrown6z@opera.com,Shahe,americanexpress,374622486291064
253,Scott,Bishop,sbishop70@google.es,Salamá,maestro,060435178580762915
254,Gerald,Moreno,gmoreno71@about.me,Gorey,jcb,3571600305429623
255,Jessica,Torres,jtorres72@apple.com,Lárdos,jcb,3553496953312308
256,Craig,Griffin,cgriffin73@buzzfeed.com,Songfeng,mastercard,5010126368131249
257,Bonnie,Oliver,boliver74@wsj.com,Zhongxi,mastercard,5010122614263787
258,Patrick,Roberts,proberts75@gravatar.com,Wałcz,diners-club-us-ca,5560024720801324
259,Justin,Knight,jknight76@squidoo.com,Jardin,china-unionpay,5602252053951977232
260,Jesse,Carr,jcarr77@unesco.org,Xiushan,jcb,3550222198789396
261,Daniel,Ruiz,druiz78@moonfruit.com,Qal‘eh-ye Khvājeh,jcb,3564469343649389
262,Rose,Andrews,randrews79@de.vu,Larreynaga,jcb,3563775261303796
263,Gary,Olson,golson7a@parallels.com,Ystad,visa-electron,4405150126547146
264,Beverly,Green,bgreen7b@wired.com,Sruki,jcb,3542658883948964
265,Eugene,Ellis,eellis7c@vinaora.com,Kasulu,diners-club-carte-blanche,30135875323782
266,Matthew,Clark,mclark7d@wix.com,Daugavpils,bankcard,5610474233060456
267,Juan,Mccoy,jmccoy7e@cargocollective.com,Red Hill,jcb,3561409228452080
268,Phillip,Kim,pkim7f@prlog.org,Rybatskoye,china-unionpay,5602238558399140
269,Jason,Fowler,jfowler7g@rambler.ru,Santa Lucía,switch,6333589728629484738
270,James,Bradley,jbradley7h@a8.net,Chapultepec,laser,67091230703850588
271,Emily,Hansen,ehansen7i@t.co,Juuka,jcb,3532572065424235
272,Deborah,Clark,dclark7j@hatena.ne.jp,Ha’erlong,maestro,6763163227286512784
273,Jack,Webb,jwebb7k@51.la,Mankono,diners-club-international,36100554308359
274,Jeremy,Parker,jparker7l@hugedomains.com,Sibay,mastercard,5290505007585108
275,Lois,Snyder,lsnyder7m@wikipedia.org,El Cafetal,jcb,3560573498487042
276,Robert,Gilbert,rgilbert7n@flickr.com,Santiago dos Velhos,switch,6331102746659607
277,Virginia,Daniels,vdaniels7o@house.gov,Sembungan Kidul,jcb,3542025411420777
278,Keith,Little,klittle7p@qq.com,Pindangan Centro,jcb,3538408738238823
279,Charles,Peters,cpeters7q@dagondesign.com,Gémeos,laser,6706945683098705509
280,Martin,Kelley,mkelley7r@vinaora.com,Baalbek,jcb,3564183308391438
281,Jennifer,Stewart,jstewart7s@chicagotribune.com,Kremidivka,diners-club-us-ca,5594243598552534
282,Joseph,Ray,jray7t@cnbc.com,Popovo,switch,4905473046899537
283,Katherine,Stephens,kstephens7u@ehow.com,Yutan,jcb,3528712648543244
284,Alice,Pierce,apierce7v@shutterfly.com,Ningxi,visa-electron,4175006415108230
285,Aaron,Watkins,awatkins7w@yahoo.co.jp,Padurung,switch,493687151521358521
286,Jonathan,Price,jprice7x@flickr.com,Uruçuca,jcb,3536408070919958
287,Amy,West,awest7y@ebay.com,Eusébio,mastercard,5007667163170077
288,Joe,Ellis,jellis7z@feedburner.com,Ayo,jcb,3547015679402836
289,James,Wallace,jwallace80@dropbox.com,Hengshan,jcb,3536201094013936
290,Bruce,Lopez,blopez81@weebly.com,Jatirejo,jcb,3549512491677833
291,Paula,Crawford,pcrawford82@yolasite.com,Darkton,mastercard,5100171010791488
292,Alice,Owens,aowens83@archive.org,Bizana,jcb,3539808530987379
293,Virginia,Hernandez,vhernandez84@pcworld.com,Reshetylivka,bankcard,5602223972849144
294,Howard,Adams,hadams85@gnu.org,Xiping,jcb,3532031335343501
295,Christine,Bell,cbell86@squidoo.com,Kunduz,jcb,3540462614156373
296,Shirley,Hughes,shughes87@intel.com,Santa Fe,jcb,3575317632921158
297,William,Parker,wparker88@nyu.edu,Sobreira,jcb,3546742601400460
298,Angela,Robinson,arobinson89@flickr.com,Sivaki,jcb,3541208333784048
299,Amanda,Sanders,asanders8a@cafepress.com,Honolulu,jcb,3569865426609783
300,Linda,Dean,ldean8b@hubpages.com,Niafunké,china-unionpay,5602247330071877
301,Patrick,Peterson,ppeterson8c@angelfire.com,Brasília de Minas,jcb,3567414018228165
302,David,Murphy,dmurphy8d@chicagotribune.com,Montpellier,solo,6767072551379078820
303,Bruce,Mitchell,bmitchell8e@wiley.com,Nungga,americanexpress,374283223515537
304,Roy,Hart,rhart8f@bizjournals.com,Pristina,jcb,3583757649803370
305,Anne,Alexander,aalexander8g@mit.edu,Juan L. Lacaze,diners-club-enroute,201706678534396
306,Adam,Rogers,arogers8h@chicagotribune.com,Tanjungagung,jcb,3530711980419415
307,Margaret,Rose,mrose8i@jalbum.net,Ampelákia,maestro,6761746685725131
308,Sandra,Chapman,schapman8j@altervista.org,Zabrat,switch,4903037238932690526
309,Jacqueline,Thompson,jthompson8k@technorati.com,Benito Juarez,china-unionpay,561069673219214304
310,Phyllis,Powell,ppowell8l@desdev.cn,Serravalle,china-unionpay,5602255795564651847
311,Debra,Kelley,dkelley8m@harvard.edu,Hongtian,jcb,3546318712721597
312,Russell,Chapman,rchapman8n@ucoz.com,Brejieira,jcb,3539705754771309
313,Bruce,Taylor,btaylor8o@ycombinator.com,Novokuz’minki,maestro,5018696459978957
314,Terry,Robertson,trobertson8p@eepurl.com,Kaiaf,jcb,3546040251312410
315,Timothy,Mason,tmason8q@patch.com,Ryczywół,jcb,3537905670235338
316,Jane,Fernandez,jfernandez8r@diigo.com,Piritiba,switch,5641824709053521
317,Ralph,Phillips,rphillips8s@gov.uk,Wanglian,jcb,3560561049393835
318,Matthew,Johnston,mjohnston8t@php.net,Santos,jcb,3553107567382997
319,Judith,Bell,jbell8u@ox.ac.uk,Leifeng,diners-club-carte-blanche,30541217668786
320,Catherine,Rodriguez,crodriguez8v@unesco.org,Soest,maestro,50189625450421419
321,Elizabeth,Morris,emorris8w@soup.io,Sanjiao,jcb,3559548823627333
322,Doris,Bennett,dbennett8x@umich.edu,Circasia,americanexpress,345644222172057
323,Roy,Cooper,rcooper8y@blogs.com,Piritiba,visa,4920686010692775
324,Betty,Griffin,bgriffin8z@hubpages.com,Haveluloto,maestro,50189645895283356
325,Gregory,Garza,ggarza90@gizmodo.com,Lafia,maestro,67621761222929866
326,Carol,Little,clittle91@facebook.com,Cubará,jcb,3581320881891728
327,Marie,Knight,mknight92@prlog.org,Liuji,diners-club-international,36814842429583
328,Ashley,Carpenter,acarpenter93@sun.com,Zaragoza,jcb,3561342548674242
329,Sara,Garza,sgarza94@fema.gov,Moanemani,jcb,3571484051991296
330,James,Moreno,jmoreno95@intel.com,Nanmuping,maestro,50181629564815951
331,Anne,Ross,aross96@paypal.com,Mercier,solo,6767890851691139130
332,Christina,Watkins,cwatkins97@ox.ac.uk,Zhaizigou,jcb,3578363523516605
333,Larry,Jordan,ljordan98@icq.com,Dushan,laser,677125019444625151
334,Eugene,Wilson,ewilson99@booking.com,Pacapausa,diners-club-carte-blanche,30576135798075
335,Bobby,Simpson,bsimpson9a@unc.edu,Zuya,jcb,3589060465640222
336,Donald,Webb,dwebb9b@tamu.edu,Hallstavik,mastercard,5002351514596992
337,Jack,Hernandez,jhernandez9c@drupal.org,Liuzhi,jcb,3563956853104764
338,Janet,Chapman,jchapman9d@over-blog.com,Oświęcim,diners-club-carte-blanche,30348342472666
339,Tina,Knight,tknight9e@msu.edu,Marseille,jcb,3542094093614222
340,Joe,Ramirez,jramirez9f@theglobeandmail.com,Paris 13,china-unionpay,5602240342659433
341,Joseph,Jones,jjones9g@imgur.com,Hpa-an,jcb,3532704087946685
342,Margaret,Cole,mcole9h@craigslist.org,Padre Burgos,mastercard,5007669044162927
343,Ronald,Roberts,rroberts9i@geocities.com,Temaiku Village,jcb,3561893649905893
344,Eric,Reid,ereid9j@newyorker.com,Paço,solo,676715549233085777
345,Diane,Griffin,dgriffin9k@youku.com,Palestina,jcb,3536615368966547
346,John,Walker,jwalker9l@chicagotribune.com,Kolobovo,jcb,3530535733316473
347,Carlos,Carpenter,ccarpenter9m@hibu.com,Nowe Skalmierzyce,visa-electron,4844774481447367
348,Michelle,Gordon,mgordon9n@shareasale.com,Paobulan,jcb,3539303530154758
349,Janice,Butler,jbutler9o@telegraph.co.uk,Salvaleón de Higüey,switch,493671191335699577
350,Bonnie,Rogers,brogers9p@slideshare.net,Jati,jcb,3536660312955626
351,Carl,Ross,cross9q@hatena.ne.jp,El Paso,maestro,67613151624536586
352,Charles,Carroll,ccarroll9r@aol.com,Chengzhong,jcb,3547922275381407
353,Kevin,West,kwest9s@cargocollective.com,Abobo,diners-club-us-ca,5490976447187763
354,Larry,Russell,lrussell9t@uol.com.br,Compiègne,jcb,3564233483365218
355,Mary,Ford,mford9u@jalbum.net,Olupona,jcb,3557309533243479
356,Anne,Gonzales,agonzales9v@about.com,Liulang,jcb,3542329538962079
357,Antonio,Palmer,apalmer9w@illinois.edu,Bailingnao,bankcard,5602222570651340
358,Ashley,Chapman,achapman9x@samsung.com,Puntaru,jcb,3532337275361571
359,Howard,Foster,hfoster9y@thetimes.co.uk,Bielsk Podlaski,jcb,3573462462320725
360,Earl,Long,elong9z@tuttocitta.it,Huanghuatan,visa-electron,4508086170667206
361,Antonio,Knight,aknighta0@slate.com,Charenton-le-Pont,visa-electron,4026980955002493
362,Susan,Perkins,sperkinsa1@guardian.co.uk,Aurora,americanexpress,372301105233276
363,Joseph,Taylor,jtaylora2@posterous.com,Baraguá,jcb,3536924980456634
364,Benjamin,Fernandez,bfernandeza3@apache.org,Bor,americanexpress,337941351303226
365,Melissa,Warren,mwarrena4@cbc.ca,Pagsanahan Norte,bankcard,5602245427193570
366,Philip,Green,pgreena5@psu.edu,Nixi,jcb,3549891043230709
367,Jennifer,Palmer,jpalmera6@reuters.com,Kipini,jcb,3549213195693446
368,Robert,Knight,rknighta7@cisco.com,Urkarakh,jcb,3540986791030050
369,Paula,Alvarez,palvareza8@homestead.com,Rancakuya,maestro,0604691388531200
370,Annie,Chavez,achaveza9@google.ca,Uherce Mineralne,china-unionpay,560224949296630420
371,Angela,Wagner,awagneraa@tiny.cc,Cikalong,jcb,3538452002409124
372,Linda,Fox,lfoxab@t.co,Parbatipur,switch,490510578223889420
373,Kathleen,Oliver,koliverac@nps.gov,Taixi,jcb,3546696582120671
374,Robert,Johnston,rjohnstonad@nba.com,Gununglarang,jcb,3534917209753361
375,Ralph,Freeman,rfreemanae@google.ca,Bouaké,bankcard,5602221219064907
376,Juan,Price,jpriceaf@usatoday.com,Niu,mastercard,5048378775912192
377,Gary,Gilbert,ggilbertag@mail.ru,Baiyinnuole,jcb,3528596010837452
378,Evelyn,Lee,eleeah@alibaba.com,Xinghai,jcb,3588917242543402
379,Gregory,Bennett,gbennettai@slashdot.org,Kuala Lumpur,diners-club-enroute,201579359668415
380,Benjamin,Cole,bcoleaj@tiny.cc,Emiliano Zapata,jcb,3560439816061200
381,Joe,Frazier,jfrazierak@addthis.com,Mayo,visa,4682193203879374
382,Shawn,Price,spriceal@stanford.edu,Tsurusaki,diners-club-enroute,201552728412989
383,Anna,Jackson,ajacksonam@geocities.com,Taoshan,diners-club-carte-blanche,30247084531095
384,Billy,Nichols,bnicholsan@opera.com,Köping,jcb,3584425400029572
385,Ruby,Ferguson,rfergusonao@samsung.com,Shiraoi,jcb,3539903575701668
386,Angela,Bradley,abradleyap@macromedia.com,Niujiang,jcb,3551474526683622
387,Tammy,Greene,tgreeneaq@yellowbook.com,Bình Minh,switch,4911649482741989959
388,Kelly,Armstrong,karmstrongar@diigo.com,El Sombrero,jcb,3571616951520747
389,Rebecca,Powell,rpowellas@squidoo.com,Kampungtengah,americanexpress,372301395691035
390,Irene,Hansen,ihansenat@discuz.net,Talisayan,diners-club-enroute,201470310111796
391,Theresa,Thomas,tthomasau@cisco.com,Prroshyan,jcb,3552954411036373
392,Harry,Sullivan,hsullivanav@a8.net,Zelmeņi,diners-club-enroute,201694092115911
393,Emily,Edwards,eedwardsaw@tiny.cc,Xiangtang,mastercard,5111336262719910
394,Chris,Gonzales,cgonzalesax@diigo.com,Uusikaupunki,visa-electron,4026673936484605
395,Steven,Lewis,slewisay@eventbrite.com,Bendo,jcb,3584748261680443
396,Diane,Myers,dmyersaz@tumblr.com,Haninge,jcb,3575011136087216
397,Patricia,Cook,pcookb0@nyu.edu,La Tebaida,jcb,3568514284847926
398,Randy,Coleman,rcolemanb1@vkontakte.ru,Maun,jcb,3546032628767889
399,Cheryl,Bailey,cbaileyb2@jugem.jp,Buseresere,switch,5641826014790317
400,Eugene,Hunter,ehunterb3@bbc.co.uk,Mūsá Qal‘ah,jcb,3562610236615902
401,Amy,Peters,apetersb4@devhub.com,Fonteleite,maestro,676292829296061530
402,Andrea,Nguyen,anguyenb5@dailymail.co.uk,Cipanjang,jcb,3538508603330363
403,Joseph,Gonzalez,jgonzalezb6@state.gov,Gardutanjak,jcb,3564655336061273
404,Ruby,Young,ryoungb7@eepurl.com,Utrecht (stad),china-unionpay,560222391462548874
405,Sara,Peterson,spetersonb8@salon.com,Maraã,maestro,67592817492974605
406,Edward,Hall,ehallb9@msn.com,Huangzhai,jcb,3559394489995767
407,Ernest,Williams,ewilliamsba@icio.us,Pancas,jcb,3578298699597098
408,Brandon,Montgomery,bmontgomerybb@domainmarket.com,Karis,bankcard,5610238942625531
409,Janice,Stone,jstonebc@istockphoto.com,San Benito Abad,jcb,3572786796078331
410,Kenneth,Barnes,kbarnesbd@ucla.edu,Gobojango,mastercard,5007660970773480
411,Debra,Reynolds,dreynoldsbe@nasa.gov,Huaibei,jcb,3576264135316842
412,Albert,Adams,aadamsbf@mail.ru,Mangere,visa-electron,4917523695559000
413,Denise,Ramos,dramosbg@slate.com,Huaranchal,jcb,3581824998445609
414,Joyce,Berry,jberrybh@dion.ne.jp,Pangtangis Dajah,jcb,3584483400701799
415,Sharon,Lopez,slopezbi@icio.us,Vakhtan,jcb,3551760338427798
416,Justin,Green,jgreenbj@usa.gov,Puerto Francisco de Orellana,maestro,6759666435878952140
417,Katherine,Cox,kcoxbk@chicagotribune.com,An Lão,laser,63040200879384853
418,Cynthia,Gibson,cgibsonbl@xrea.com,Dammarie-les-Lys,switch,4903751975392968
419,Kelly,Woods,kwoodsbm@baidu.com,Chlumec nad Cidlinou,jcb,3572691488674274
420,Cheryl,Fields,cfieldsbn@umn.edu,Serebryanyye Prudy,jcb,3530180393446672
421,Susan,Perkins,sperkinsbo@umn.edu,Trawniki,americanexpress,374288171154205
422,Stephen,Larson,slarsonbp@mediafire.com,Verrettes,jcb,3552333810929001
423,Brian,Jacobs,bjacobsbq@360.cn,Nuquí,jcb,3554958742488649
424,Doris,Payne,dpaynebr@skyrock.com,Ngurenrejo,jcb,3550509361194887
425,Aaron,Dixon,adixonbs@symantec.com,Viseu,jcb,3586893500679570
426,Julie,Bowman,jbowmanbt@dell.com,Liloy,jcb,3545307930072637
427,Russell,Garcia,rgarciabu@creativecommons.org,Urek-urek,china-unionpay,56108996039804747
428,Kelly,Harrison,kharrisonbv@constantcontact.com,Fezna,jcb,3568920594063411
429,Kathy,Fuller,kfullerbw@nifty.com,Singapore,americanexpress,374622377591135
430,Cynthia,Larson,clarsonbx@shop-pro.jp,Banjar Tegal Belodan,jcb,3545553923700383
431,Dorothy,Rice,driceby@latimes.com,Nong Khai,jcb,3572743331066156
432,Terry,Howard,thowardbz@ask.com,Kasugai,laser,677135868949828985
433,Brenda,Stanley,bstanleyc0@deliciousdays.com,Castlepollard,visa-electron,4175002829728937
434,Teresa,Rice,tricec1@cpanel.net,Otyniya,diners-club-enroute,201515021619287
435,Anne,Bailey,abaileyc2@yandex.ru,Izazi,jcb,3586616754052313
436,Laura,Hanson,lhansonc3@google.de,Ozerki,jcb,3543570323798496
437,Nicole,Cole,ncolec4@mlb.com,Taibao,china-unionpay,5602212520492507
438,Katherine,Powell,kpowellc5@washington.edu,Rennes,jcb,3545645841902131
439,Terry,Cruz,tcruzc6@deliciousdays.com,Mayma,bankcard,5602224172369958
440,Helen,Arnold,harnoldc7@lulu.com,Goiatuba,china-unionpay,5602243075292809420
441,Anne,Simpson,asimpsonc8@photobucket.com,Shubenka,laser,67092089634591789
442,Emily,Porter,eporterc9@weather.com,Izumiōtsu,jcb,3549759466477844
443,Martha,Alvarez,malvarezca@telegraph.co.uk,Sadao,bankcard,5602231471914095
444,Annie,Ortiz,aortizcb@devhub.com,Marianowo,jcb,3555215476857021
445,Janet,Mcdonald,jmcdonaldcc@hexun.com,Kameyama,switch,493663967833548691
446,Anne,Welch,awelchcd@phpbb.com,Kristiansund N,jcb,3537422794409674
447,Victor,Kennedy,vkennedyce@odnoklassniki.ru,Ōmuta,china-unionpay,56022309666815320
448,Kathleen,Cole,kcolecf@goo.ne.jp,Padangpanjang,jcb,3537449200970494
449,Annie,Arnold,aarnoldcg@mlb.com,Pereyaslovskaya,jcb,3540309620389714
450,Walter,Morrison,wmorrisonch@chronoengine.com,Emmen,jcb,3551423631978583
451,Joshua,Young,jyoungci@google.com.au,Rajadesa,americanexpress,374283704422179
452,Scott,Johnson,sjohnsoncj@cnn.com,Rizal,jcb,3545855739411687
453,Matthew,Bailey,mbaileyck@google.it,Hebeitun,jcb,3567578019166721
454,Gregory,Evans,gevanscl@mail.ru,Ribeirão das Neves,jcb,3553540916622459
455,Chris,Phillips,cphillipscm@va.gov,Ash Shaddādah,bankcard,5602247869292696
456,Lori,Wallace,lwallacecn@blog.com,Brumado,jcb,3555079414669090
457,Carolyn,Hanson,chansonco@theatlantic.com,Lop,maestro,67595480891753091
458,Anne,Collins,acollinscp@yahoo.co.jp,Älmhult,maestro,676222265140850270
459,Kathryn,Cooper,kcoopercq@uol.com.br,Caseros,china-unionpay,5602212956969044
460,Shawn,Medina,smedinacr@chicagotribune.com,Naru,maestro,503848517172514608
461,Melissa,Fowler,mfowlercs@huffingtonpost.com,Vihti,jcb,3562146333288640
462,Chris,Mccoy,cmccoyct@addthis.com,Tacoma,jcb,3541830996743407
463,Lois,Long,llongcu@fotki.com,Tenjolaya,jcb,3537151878581534
464,Brian,Cooper,bcoopercv@com.com,Guayabal de Síquima,mastercard,5394239300318786
465,Linda,Nichols,lnicholscw@engadget.com,Riberalta,jcb,3583960728979299
466,Betty,Fowler,bfowlercx@europa.eu,Kangmei,jcb,3571740518206507
467,Thomas,Cole,tcolecy@behance.net,Jinhe,jcb,3536180723275498
468,George,Shaw,gshawcz@acquirethisname.com,Rio Negrinho,diners-club-us-ca,5537794165125344
469,Justin,Wells,jwellsd0@nydailynews.com,Bene 'Ayish,bankcard,5602216565005686
470,Ruby,Cruz,rcruzd1@photobucket.com,Jingkou,instapayment,6380855959445390
471,Maria,Mccoy,mmccoyd2@yolasite.com,Pau,maestro,0604432758726079114
472,Phyllis,Lane,planed3@blog.com,Kuybyshevskiy Zaton,maestro,0604319085308801
473,Tina,Ross,trossd4@whitehouse.gov,Ţahţā,maestro,0604583555564055025
474,Timothy,Russell,trusselld5@narod.ru,Sebuku,jcb,3565922451609669
475,Eugene,Clark,eclarkd6@mediafire.com,Roa,mastercard,5383140160564332
476,Mary,Jordan,mjordand7@google.com.br,União da Vitória,jcb,3546690984314164
477,Maria,Meyer,mmeyerd8@princeton.edu,Sadabumi,switch,6759702454749301
478,Dennis,Hill,dhilld9@e-recht24.de,La Huaca,jcb,3569827459436104
479,Peter,Robinson,probinsonda@hubpages.com,Malveira,jcb,3554752708985155
480,Sarah,Cole,scoledb@printfriendly.com,Shkodër,switch,4911253269235327573
481,Steve,Ross,srossdc@thetimes.co.uk,Seputih,diners-club-international,36060358765396
482,Gerald,Black,gblackdd@shareasale.com,Hetang,jcb,3575429426152245
483,Jimmy,Anderson,jandersonde@w3.org,Claremont,mastercard,5010120381840894
484,Joe,Martin,jmartindf@sbwire.com,Fucheng,jcb,3563107055510107
485,Norma,Price,npricedg@jigsy.com,Dailekh,diners-club-carte-blanche,30061422296133
486,Lillian,Peters,lpetersdh@netscape.com,Vysokogornyy,jcb,3575233747937908
487,Steve,Hunter,shunterdi@virginia.edu,Torre de Moncorvo,china-unionpay,560223849356700330
488,Judy,Sanders,jsandersdj@skype.com,Novoshakhtinsk,diners-club-international,36807353039379
489,Anne,Gray,agraydk@alexa.com,Gaotieling,maestro,5018136176612878738
490,Carol,Crawford,ccrawforddl@gnu.org,Épinal,diners-club-enroute,201949198996568
491,Doris,Sullivan,dsullivandm@infoseek.co.jp,Borovan,maestro,676285799789079456
492,Pamela,Webb,pwebbdn@booking.com,Stanišić,jcb,3571534896130748
493,Frank,Meyer,fmeyerdo@biglobe.ne.jp,Élancourt,china-unionpay,5602248556805061232
494,Douglas,Stone,dstonedp@fc2.com,Všemina,maestro,5038685079311515424
495,Frank,Webb,fwebbdq@privacy.gov.au,Maliuzui,jcb,3535183507685610
496,Cynthia,Jenkins,cjenkinsdr@typepad.com,Onokivtsi,jcb,3556968341266260
497,Ernest,Powell,epowellds@spiegel.de,Bal’shavik,jcb,3543533628167304
498,Mark,Hamilton,mhamiltondt@hexun.com,Pomar,visa,4041372183459219
499,Joseph,Hanson,jhansondu@ustream.tv,Santo Estêvão,visa-electron,4026047640385608
500,Ernest,Chavez,echavezdv@google.com.au,Zilang,jcb,3573581048243620
501,Kathleen,Hayes,khayesdw@goo.ne.jp,Shixi,bankcard,5602222531838978
502,Ralph,Carpenter,rcarpenterdx@rakuten.co.jp,Maythalūn,jcb,3534438140706178
503,Gerald,Dean,gdeandy@reddit.com,Sutysky,bankcard,5602253059097192
504,Virginia,Morris,vmorrisdz@buzzfeed.com,Sepanjang,jcb,3580557966247364
505,Russell,Washington,rwashingtone0@who.int,Berëzovka,jcb,3585977893429841
506,Cynthia,Rivera,criverae1@friendfeed.com,Plomárion,jcb,3533749221207782
507,Donald,Lane,dlanee2@flavors.me,Montenegro,visa-electron,4508785969730766
508,Ruth,Knight,rknighte3@umn.edu,Santa Cruz de la Sierra,china-unionpay,5602229505733309646
509,Cynthia,Martin,cmartine4@goodreads.com,Citeureup,jcb,3530684224874614
510,Alice,Watkins,awatkinse5@fastcompany.com,Bidikotak,mastercard,5214685094088449
511,Jimmy,Nguyen,jnguyene6@time.com,Ferreñafe,switch,5641827637823931
512,Angela,Elliott,aelliotte7@elegantthemes.com,Vishnyeva,jcb,3563837398136679
513,Kimberly,Peters,kpeterse8@bbb.org,Shanxia,mastercard,5115935031690082
514,Lawrence,Chapman,lchapmane9@blogs.com,Gongdao,mastercard,5476635367617567
515,Victor,Murray,vmurrayea@globo.com,L'Aigle,bankcard,5602222935987611
516,Victor,Bowman,vbowmaneb@e-recht24.de,Ludwigshafen am Rhein,bankcard,5602223301775358
517,Christina,Jenkins,cjenkinsec@wired.com,Lazaro Cardenas,laser,670912105453833331
518,Harry,Austin,haustined@ocn.ne.jp,Zouiat ech Cheïkh,switch,6333179669930700
519,Roy,Henderson,rhendersonee@free.fr,Balingueo,jcb,3535312548661310
520,Joe,Williamson,jwilliamsonef@de.vu,Janakpur,mastercard,5327745161349134
521,Linda,Tucker,ltuckereg@home.pl,Mambalan,americanexpress,379563755745288
522,Ashley,Foster,afostereh@networkadvertising.org,Quận Phú Nhuận,jcb,3586438421319995
523,Scott,King,skingei@ox.ac.uk,Embu,jcb,3569544897128140
524,Frank,Olson,folsonej@blinklist.com,Rio,switch,4936852310416522939
525,Susan,Ward,swardek@latimes.com,Banjar Pangkungtibah Selatan,jcb,3554213596527716
526,Donna,Fisher,dfisherel@friendfeed.com,Balazar,jcb,3584999233180224
527,Laura,Mason,lmasonem@example.com,Morazán,jcb,3564892801666704
528,Phyllis,Bailey,pbaileyen@webnode.com,Malinovoye Ozero,jcb,3549167428302391
529,Rose,Nguyen,rnguyeneo@stumbleupon.com,San Borja,instapayment,6399203649051469
530,Susan,Patterson,spattersonep@xinhuanet.com,Buluangan,china-unionpay,56022136593679549
531,Betty,Ross,brosseq@ehow.com,Skołyszyn,jcb,3542336544059758
532,Jessica,Hayes,jhayeser@geocities.com,Chugay,mastercard,5365415264217058
533,Antonio,Harvey,aharveyes@themeforest.net,Chum Phae,jcb,3584771427467711
534,Alice,Edwards,aedwardset@e-recht24.de,Sabang,jcb,3563482648898081
535,Lillian,Hudson,lhudsoneu@angelfire.com,Brampton,jcb,3567031956753531
536,Nancy,Jones,njonesev@vkontakte.ru,Boju,maestro,5038749488891684688
537,Randy,Frazier,rfrazierew@dedecms.com,Paihia,instapayment,6377737919870583
538,Samuel,Russell,srussellex@livejournal.com,Naxos,bankcard,5602243986534268
539,Jessica,Greene,jgreeneey@so-net.ne.jp,Bowen Island,jcb,3551861852661406
540,Juan,Perez,jperezez@geocities.jp,Huaibei,jcb,3531694196822441
541,Wayne,Jacobs,wjacobsf0@google.de,Changhao,americanexpress,337941588095090
542,Jeffrey,Duncan,jduncanf1@friendfeed.com,Puerto Bello,bankcard,5602253835316239
543,Bonnie,Fisher,bfisherf2@samsung.com,Mtimbira,switch,564182981460804392
544,Norma,Simmons,nsimmonsf3@google.com.hk,Banjar Timbrah,maestro,5018932719717061
545,Judith,Rodriguez,jrodriguezf4@tmall.com,San Agustin,jcb,3576797622909751
546,Gary,Medina,gmedinaf5@census.gov,Consolacion,jcb,3542833748379602
547,Wanda,Young,wyoungf6@springer.com,Mönsterås,laser,63040188194988633
548,Donna,Jackson,djacksonf7@amazon.com,Heling,jcb,3577941476929338
549,Roger,Brown,rbrownf8@ifeng.com,Syevyerodonets’k,mastercard,5108042951043282
550,Amanda,Owens,aowensf9@wufoo.com,Paris 15,mastercard,5048377918044921
551,Kathryn,Nichols,knicholsfa@admin.ch,Belz,jcb,3534022198734074
552,Gerald,Rivera,griverafb@foxnews.com,Borås,jcb,3568694778719813
553,Christina,Cook,ccookfc@naver.com,Schaumburg,diners-club-carte-blanche,30505616619997
554,Shawn,Hall,shallfd@cbc.ca,Rechitsy,jcb,3547767796023784
555,Cynthia,Miller,cmillerfe@irs.gov,Tambong,mastercard,5048377613584346
556,Todd,Hayes,thayesff@mac.com,Wiri,jcb,3546694731459785
557,Phyllis,Howell,phowellfg@about.com,Dunmanway,visa-electron,4913865404367983
558,Douglas,Carroll,dcarrollfh@dailymail.co.uk,Morales,mastercard,5007660900978894
559,Matthew,Adams,madamsfi@chron.com,Kampong Chhnang,solo,633498239176417245
560,Janet,Peterson,jpetersonfj@xinhuanet.com,København,visa,4041375025749
561,Todd,Fuller,tfullerfk@utexas.edu,Estefania,visa-electron,4026045342126551
562,Kevin,Hall,khallfl@geocities.jp,Norrköping,jcb,3542348453268676
563,Harold,Graham,hgrahamfm@bravesites.com,Jacura,jcb,3561270674374578
564,James,Henry,jhenryfn@state.tx.us,Lukovica pri Domžalah,jcb,3588919933782893
565,Frances,Reyes,freyesfo@delicious.com,Flushing,visa-electron,4026828960922397
566,Steven,Medina,smedinafp@chicagotribune.com,Xianxiang,jcb,3574553732219371
567,Virginia,Jenkins,vjenkinsfq@time.com,Ouro Preto do Oeste,laser,630438104625716788
568,Lisa,Powell,lpowellfr@nature.com,Zhongdeng,switch,4911079961724634
569,Tammy,Garza,tgarzafs@vkontakte.ru,Muramatsu,laser,670615273306307794
570,Andrea,Watkins,awatkinsft@wiley.com,Paluan,mastercard,5100149365066532
571,Margaret,Hamilton,mhamiltonfu@techcrunch.com,Kuanda,visa,4914367564457422
572,Annie,Perry,aperryfv@google.de,Tangkeng,bankcard,5602243165659415
573,Gerald,Long,glongfw@buzzfeed.com,Dogondoutchi,jcb,3539692381500022
574,Johnny,Richards,jrichardsfx@cnet.com,El Chol,bankcard,5602239101151913
575,Arthur,Richards,arichardsfy@com.com,Metapán,maestro,5020124312838885872
576,Katherine,Diaz,kdiazfz@icio.us,Bárrio,jcb,3549235047692599
577,Robin,Greene,rgreeneg0@facebook.com,Portariá,maestro,0604899005208014904
578,William,Hunt,whuntg1@e-recht24.de,Anchang,jcb,3539933141087961
579,Doris,Graham,dgrahamg2@mozilla.com,Andrijaševci,visa-electron,4917683299596889
580,Sharon,Evans,sevansg3@mozilla.com,Sumberbatas,jcb,3550163826097242
581,Michael,Williams,mwilliamsg4@wunderground.com,Sonsón,jcb,3532144656322754
582,Justin,Myers,jmyersg5@google.com.hk,Rybczewice,visa-electron,4026544723503719
583,Larry,Hanson,lhansong6@webeden.co.uk,Roun Satu,mastercard,5048376964485749
584,Richard,Berry,rberryg7@wikimedia.org,Aianí,jcb,3550691718234325
585,Beverly,Hamilton,bhamiltong8@google.nl,Letlhakeng,diners-club-us-ca,5484487080231577
586,Janet,Cox,jcoxg9@newyorker.com,Perdões,diners-club-carte-blanche,30264920921943
587,Judith,Walker,jwalkerga@deliciousdays.com,Cipanas,jcb,3544109439506011
588,Benjamin,Meyer,bmeyergb@deliciousdays.com,Ożarowice,diners-club-carte-blanche,30080036617443
589,Eric,Rogers,erogersgc@vinaora.com,Dumbéa,mastercard,5048379280771537
590,Peter,Thomas,pthomasgd@furl.net,Shendang,jcb,3552967652707668
591,Catherine,Murray,cmurrayge@vistaprint.com,Fulu,diners-club-carte-blanche,30359768138962
592,Carlos,Reynolds,creynoldsgf@army.mil,Pupiales,diners-club-carte-blanche,30440880076411
593,Heather,Chavez,hchavezgg@yolasite.com,Wang Thonglang,instapayment,6392354217149446
594,Martin,Brown,mbrowngh@com.com,Labinot-Mal,jcb,3542274971215165
595,Jeffrey,Cunningham,jcunninghamgi@chronoengine.com,Daohe,switch,4911864106342727
596,Lois,Hunter,lhuntergj@census.gov,Youcheng,diners-club-carte-blanche,30541900037562
597,Raymond,Mcdonald,rmcdonaldgk@google.pl,Gromnik,jcb,3584730846457117
598,Jacqueline,Romero,jromerogl@ovh.net,Estrada,bankcard,5602240243282988
599,Laura,Daniels,ldanielsgm@wordpress.com,Shashi,jcb,3560715593649592
600,Marilyn,Hicks,mhicksgn@google.com.br,Salitrillos,switch,633110169668659327
601,Gerald,Weaver,gweavergo@hubpages.com,Ozatlán,jcb,3574192408789134
602,Betty,Thompson,bthompsongp@dropbox.com,Tartagal,diners-club-carte-blanche,30507684286105
603,James,Stephens,jstephensgq@scientificamerican.com,Charneca da Cotovia,laser,670641699667387272
604,Deborah,Gilbert,dgilbertgr@google.com.hk,Hihyā,visa,4797447645659717
605,Elizabeth,Lee,eleegs@illinois.edu,Delft,jcb,3534728908082261
606,Phyllis,Phillips,pphillipsgt@time.com,Curuan,diners-club-enroute,201853968197748
607,Denise,Berry,dberrygu@timesonline.co.uk,Abū Qalqal,jcb,3557980223672126
608,Wanda,Olson,wolsongv@hibu.com,Dzhankoy,jcb,3550275879620033
609,Bruce,Peterson,bpetersongw@discovery.com,Fenglu,bankcard,5602213295005201
610,Shirley,Hayes,shayesgx@spotify.com,Myślenice,jcb,3574457875990188
611,Albert,Brooks,abrooksgy@blogger.com,Verkhn’odniprovs’k,jcb,3554794198336846
612,Antonio,Barnes,abarnesgz@irs.gov,Pukhavichy,mastercard,5100177931639896
613,Brenda,Armstrong,barmstrongh0@yahoo.com,Chayuan,jcb,3555129087117396
614,Annie,Bell,abellh1@archive.org,Gunung,jcb,3532428619355963
615,Raymond,Mccoy,rmccoyh2@creativecommons.org,Cilangkap,maestro,6763601233769768
616,Clarence,Little,clittleh3@vk.com,Luntas,china-unionpay,561071190154805620
617,Paul,Lynch,plynchh4@mediafire.com,Cabreúva,instapayment,6379772708032317
618,Ashley,Thompson,athompsonh5@google.pl,Quintã,mastercard,5108750572506962
619,Jessica,Morris,jmorrish6@ebay.co.uk,Chavárion,jcb,3571421913121217
620,Michael,Jordan,mjordanh7@addthis.com,Lümeng,switch,4905136169051331
621,Lillian,Coleman,lcolemanh8@mac.com,Lorengau,visa,4041595210394
622,Melissa,Gonzalez,mgonzalezh9@thetimes.co.uk,Yinghai,jcb,3566860923707274
623,Philip,Stewart,pstewartha@usgs.gov,Vitória do Mearim,maestro,67633294283129958
624,Donna,Frazier,dfrazierhb@fema.gov,Tullinge,solo,6334868317060211246
625,Todd,Perkins,tperkinshc@sphinn.com,Futu,mastercard,5007661025042806
626,Eugene,Myers,emyershd@tripod.com,Antas,diners-club-carte-blanche,30276622650786
627,Dennis,Washington,dwashingtonhe@soundcloud.com,Huolongmen,jcb,3552010906610980
628,Marie,Baker,mbakerhf@marriott.com,Yerba Buena,instapayment,6374059905071602
629,Dorothy,Gonzalez,dgonzalezhg@arizona.edu,Oefatu,switch,4903751961027412
630,Janet,Lawson,jlawsonhh@admin.ch,Calvário,visa,4041598089323931
631,Frances,Richards,frichardshi@wikia.com,Ropa,instapayment,6378475718014512
632,Aaron,Holmes,aholmeshj@paypal.com,San Andrés,jcb,3537033273867116
633,Louis,Palmer,lpalmerhk@springer.com,Yangfang,jcb,3537870582467090
634,Emily,Washington,ewashingtonhl@phpbb.com,Novopokrovka,diners-club-enroute,201493735691754
635,Randy,Evans,revanshm@w3.org,Yŏnmu,visa-electron,4508491491033197
636,Anthony,Hawkins,ahawkinshn@unesco.org,Góra,maestro,0604107151002923
637,Christina,Hansen,chansenho@engadget.com,Huanggang,jcb,3575225432018721
638,Jimmy,Alvarez,jalvarezhp@xrea.com,Mander,jcb,3563439423652406
639,Christopher,Jacobs,cjacobshq@eepurl.com,Lipinki Łużyckie,jcb,3548390646916203
640,Timothy,Daniels,tdanielshr@newsvine.com,Sancha,mastercard,5445872249307533
641,Kathleen,Cook,kcookhs@mapy.cz,Pilot Butte,maestro,0604490860569675047
642,Jimmy,Knight,jknightht@bandcamp.com,Boljevci,jcb,3540581795937325
643,Eugene,Harvey,eharveyhu@ft.com,Vologda,maestro,6763510606660883905
644,Nicole,Sanders,nsandershv@sun.com,Borek,mastercard,5284769670016894
645,Virginia,Meyer,vmeyerhw@timesonline.co.uk,Ntoroko,jcb,3575433167939844
646,Harry,Bradley,hbradleyhx@taobao.com,Mutis,jcb,3564979411641282
647,Carl,Gutierrez,cgutierrezhy@yellowbook.com,Ludvika,mastercard,5487004941134515
648,Barbara,Jackson,bjacksonhz@twitter.com,Bobrov,jcb,3581556637220874
649,Edward,Moreno,emorenoi0@sfgate.com,Barengkok,jcb,3530053300668292
650,Barbara,Morrison,bmorrisoni1@1688.com,Kurgan,jcb,3580727663178812
651,Jimmy,Bryant,jbryanti2@reference.com,Yermish’,maestro,5018453732072855
652,Gary,Lane,glanei3@nba.com,Poja Nae,visa-electron,4917685941741680
653,Christina,Rogers,crogersi4@furl.net,Ðà Lạt,laser,67711020361166926
654,Anna,Gordon,agordoni5@marriott.com,Lizhai,jcb,3575993997293779
655,Ashley,Powell,apowelli6@amazonaws.com,Rennes,china-unionpay,56022586404190716
656,Cynthia,Wright,cwrighti7@google.co.uk,Iłowo -Osada,switch,564182182786411042
657,Gloria,Gibson,ggibsoni8@about.com,Moyale,visa,4017955491849194
658,Katherine,Jones,kjonesi9@jimdo.com,Ivano-Frankove,bankcard,5602245276292226
659,Johnny,Brooks,jbrooksia@home.pl,Le Havre,jcb,3535114967940922
660,Harold,Hart,hhartib@apache.org,Fūman,jcb,3581279759050249
661,Jean,Banks,jbanksic@google.com.hk,Bogojevo,switch,493681493788878015
662,Earl,Griffin,egriffinid@aol.com,Lianyuan,diners-club-carte-blanche,30417269744611
663,Johnny,Medina,jmedinaie@craigslist.org,Haiyanmiao,jcb,3553320642630690
664,Lawrence,Mendoza,lmendozaif@multiply.com,Medvezh’yegorsk,china-unionpay,5602242269216306115
665,Matthew,Rice,mriceig@deviantart.com,Dasanlian Lauk,jcb,3562119758485694
666,Donald,Mason,dmasonih@opera.com,Santa Lucia,diners-club-carte-blanche,30425127698440
667,Christina,Day,cdayii@engadget.com,Wolfsberg,jcb,3532282672130577
668,Wayne,Alexander,walexanderij@diigo.com,Íos,jcb,3530179024384955
669,Mildred,Fuller,mfullerik@howstuffworks.com,Ystad,bankcard,5602218949578404
670,Scott,Warren,swarrenil@marriott.com,Luleå,diners-club-carte-blanche,30580481538432
671,Joseph,Gardner,jgardnerim@rakuten.co.jp,Seremban,jcb,3546531641021828
672,Martha,Martin,mmartinin@cbslocal.com,South Tangerang,diners-club-international,36724464490385
673,Lillian,Kelly,lkellyio@histats.com,Monte,bankcard,5610113336700168
674,Annie,Davis,adavisip@netscape.com,Melong,jcb,3563146063084747
675,Jose,Porter,jporteriq@tinypic.com,Pangani,mastercard,5048378322571160
676,Willie,Anderson,wandersonir@geocities.jp,Emmeloord,mastercard,5100133245351256
677,Billy,Ellis,bellisis@state.tx.us,Tembang,jcb,3557742782170482
678,Lori,Fields,lfieldsit@phpbb.com,Boston,jcb,3564605967875541
679,Donald,Williams,dwilliamsiu@walmart.com,Brades,jcb,3587916189373279
680,Alan,Cruz,acruziv@samsung.com,Ipaba,switch,4905508423352889
681,Gary,Day,gdayiw@sakura.ne.jp,Sambongmulyo,jcb,3572320454758172
682,Adam,Kelley,akelleyix@wikipedia.org,Psachná,jcb,3536234452011812
683,Ralph,Hall,rhalliy@squarespace.com,Kandangan,jcb,3570753134180841
684,Stephanie,Griffin,sgriffiniz@unblog.fr,Saint-Lô,maestro,5038395156009371731
685,Charles,James,cjamesj0@chronoengine.com,Las Vegas,maestro,5018476528727471429
686,Mary,Cruz,mcruzj1@amazon.com,Paterson,americanexpress,349629218353247
687,Debra,Hicks,dhicksj2@spiegel.de,Andalucía,jcb,3586016162242319
688,Jane,Gutierrez,jgutierrezj3@shareasale.com,Bác Ái,jcb,3566800854579599
689,Ann,Knight,aknightj4@taobao.com,Staryye Atagi,jcb,3534753752971286
690,Terry,Reyes,treyesj5@unc.edu,Ban Huai Thalaeng,jcb,3536056048023088
691,Martha,Crawford,mcrawfordj6@hatena.ne.jp,Qiulu,mastercard,5506930621508668
692,Arthur,Torres,atorresj7@who.int,Sukarama,maestro,67620804549935801
693,Deborah,Ramos,dramosj8@sogou.com,Puerto Castilla,jcb,3566163445745512
694,Kelly,Robinson,krobinsonj9@mapquest.com,Stepnica,jcb,3569473003106172
695,Sara,Clark,sclarkja@bloglovin.com,Olo,mastercard,5509983737876955
696,Andrew,Moreno,amorenojb@msu.edu,Shalizhai,jcb,3562806182933071
697,Justin,Kelley,jkelleyjc@ucsd.edu,Silvares,diners-club-enroute,201857341513539
698,Marie,Stephens,mstephensjd@webeden.co.uk,Sanana,jcb,3566834993411364
699,Brenda,Porter,bporterje@cdc.gov,Shuangqiaoping,jcb,3589630999413930
700,Joe,Jordan,jjordanjf@elegantthemes.com,Xiaoshanzi,jcb,3579538644900940
701,Jennifer,Gibson,jgibsonjg@icq.com,Cidima,china-unionpay,560222465763902681
702,William,Tucker,wtuckerjh@miibeian.gov.cn,Barreira,jcb,3532560602472502
703,Jesse,Greene,jgreeneji@joomla.org,Chaniá,americanexpress,374283046479119
704,Martha,Larson,mlarsonjj@marriott.com,Nijemci,jcb,3580465901633476
705,Daniel,Russell,drusselljk@hatena.ne.jp,Sinabang,laser,6304048203236526921
706,Jose,Bradley,jbradleyjl@army.mil,Datun,bankcard,5602222484433249
707,Laura,Fisher,lfisherjm@digg.com,Gongjiang,jcb,3549821807538740
708,Harry,Gonzales,hgonzalesjn@gov.uk,Shuangtian,mastercard,5048372703969002
709,Doris,Black,dblackjo@1688.com,Killarney,diners-club-us-ca,5559055180479295
710,Robin,Simmons,rsimmonsjp@t-online.de,Tanjung Timur,switch,4903186118315193547
711,Katherine,Bishop,kbishopjq@google.ca,Nozdrzec,jcb,3531574678717246
712,Marie,Murphy,mmurphyjr@goodreads.com,Wotan,switch,4903047224871740
713,Billy,Riley,brileyjs@so-net.ne.jp,Zamoskvorech’ye,diners-club-us-ca,5575048708672384
714,Keith,Hunt,khuntjt@oracle.com,Río Viejo,maestro,502009735620262284
715,Janice,Freeman,jfreemanju@about.com,Qingguang,switch,4903518444190984316
716,Adam,Hayes,ahayesjv@bluehost.com,Zhoujiang,maestro,50389113711557568
717,Jason,Patterson,jpattersonjw@nature.com,Balazar,visa-electron,4913950857359594
718,Louis,Spencer,lspencerjx@ask.com,Shengping,maestro,5020909227613390651
719,Ryan,Bailey,rbaileyjy@opera.com,Rio Covo,jcb,3534572379817536
720,Kathryn,Dunn,kdunnjz@wisc.edu,San Antonio,laser,6709106253634358517
721,Jesse,Gutierrez,jgutierrezk0@linkedin.com,Dniprodzerzhyns’k,instapayment,6386194344164704
722,Ryan,Simmons,rsimmonsk1@tinyurl.com,Shawnee Mission,diners-club-international,36179282467463
723,Jose,Gibson,jgibsonk2@sphinn.com,Lammi,jcb,3572039218849693
724,Sandra,Schmidt,sschmidtk3@feedburner.com,Starokucherganovka,jcb,3548232276043892
725,Patricia,Barnes,pbarnesk4@domainmarket.com,Zeist,visa,4041590786489
726,Antonio,Riley,arileyk5@hibu.com,Yanhu,diners-club-carte-blanche,30546815306051
727,Debra,Welch,dwelchk6@hp.com,Kluki,switch,493607453544737039
728,Tina,Little,tlittlek7@census.gov,Yuanling,jcb,3553585199345328
729,John,Hill,jhillk8@globo.com,Kortowo,americanexpress,340525307095989
730,Wanda,Dunn,wdunnk9@live.com,Longzhouwan,jcb,3553863632007163
731,Juan,Larson,jlarsonka@flickr.com,Tsant,jcb,3557108204837902
732,Samuel,Lopez,slopezkb@weibo.com,Phú Mỹ,jcb,3562399937022630
733,Christopher,Gonzalez,cgonzalezkc@sina.com.cn,Pechenizhyn,maestro,6304076729163568
734,Douglas,Hayes,dhayeskd@cam.ac.uk,Kobeřice,switch,675967816358764545
735,Pamela,Wallace,pwallaceke@fotki.com,Zhaocun,jcb,3546674259374103
736,Keith,Smith,ksmithkf@tripadvisor.com,Las Trojes,jcb,3535562747872122
737,Tina,Shaw,tshawkg@ning.com,Yuen Long Kau Hui,mastercard,5595405411284756
738,Michael,Smith,msmithkh@vk.com,Jincheng,jcb,3540973964068166
739,Timothy,Hanson,thansonki@go.com,Acarí,diners-club-enroute,201696295042867
740,Andrew,Jenkins,ajenkinskj@skyrock.com,Sussex,jcb,3532508049599072
741,Virginia,King,vkingkk@unblog.fr,Banjar Bengkelgede,switch,490384724128093691
742,Barbara,Bell,bbellkl@wikimedia.org,Paso de Indios,mastercard,5048378663831983
743,Roy,Lane,rlanekm@sitemeter.com,Colonia Nicolich,jcb,3542633520180230
744,Brandon,Romero,bromerokn@altervista.org,Fukuma,china-unionpay,560225686023501750
745,Beverly,Garrett,bgarrettko@foxnews.com,Tak,maestro,67630994607288868
746,Nicholas,Flores,nfloreskp@hud.gov,Ban Pong,maestro,5020411421264437
747,Dennis,Hudson,dhudsonkq@youku.com,Lae,laser,6709874594914222380
748,Catherine,Hayes,chayeskr@blogs.com,Nakhon Phanom,switch,490382754301192939
749,Linda,Burke,lburkeks@facebook.com,Pila,jcb,3540203787840165
750,Gloria,Jenkins,gjenkinskt@blinklist.com,Norfolk,diners-club-enroute,201633553913984
751,Jessica,Murray,jmurrayku@example.com,Charxin,mastercard,5109227064585621
752,Ashley,Kelley,akelleykv@telegraph.co.uk,Gunungjulang,mastercard,5108756308430369
753,Kathryn,Williams,kwilliamskw@vistaprint.com,Ytterby,laser,63042650538154295
754,Katherine,Carr,kcarrkx@paypal.com,Eira da Pedra,jcb,3563708916889174
755,Earl,Phillips,ephillipsky@hubpages.com,Bondy,jcb,3569419140882571
756,Eric,Lawrence,elawrencekz@live.com,Ārt Khwājah,china-unionpay,56105894117361420
757,Willie,Davis,wdavisl0@un.org,Radocza,maestro,67622336404357100
758,Doris,Lopez,dlopezl1@dyndns.org,Evansville,instapayment,6382472722984248
759,Ann,Greene,agreenel2@admin.ch,Nacka,jcb,3558095950695031
760,Paul,Green,pgreenl3@wiley.com,Berbek,switch,633346194133406704
761,Sarah,Romero,sromerol4@time.com,Carmen de Viboral,china-unionpay,5610774241142042
762,Keith,Murray,kmurrayl5@irs.gov,Pinillos,jcb,3586660042018504
763,Lawrence,Taylor,ltaylorl6@slashdot.org,Dar Chabanne,mastercard,5010127374526349
764,Deborah,Peters,dpetersl7@wordpress.com,Hennenman,mastercard,5048374910917188
765,Benjamin,Campbell,bcampbelll8@alibaba.com,Yangji,switch,4936492962402256405
766,Nancy,Sims,nsimsl9@mit.edu,Líbano,mastercard,5007669178341230
767,Justin,Morris,jmorrisla@spiegel.de,Nenagh,diners-club-international,36104427317308
768,Robin,Jordan,rjordanlb@narod.ru,Brodokalmak,jcb,3570224032187601
769,Gloria,Scott,gscottlc@nymag.com,Gludug,visa-electron,4913433166484403
770,William,Foster,wfosterld@nba.com,Álvares Machado,visa,4763811677786674
771,Heather,Morris,hmorrisle@nih.gov,Le Port,jcb,3562064055728596
772,Carolyn,Harris,charrislf@jugem.jp,Yao’an,visa,4005127319866
773,Ashley,Weaver,aweaverlg@narod.ru,Drybin,visa-electron,4026720624193913
774,Martha,Flores,mfloreslh@gizmodo.com,Rammūn,jcb,3530772425746317
775,Kelly,Marshall,kmarshallli@dailymail.co.uk,Bueng Khong Long,diners-club-enroute,201428659919849
776,Martin,Hudson,mhudsonlj@biblegateway.com,Cihaladan,jcb,3528565521046697
777,Amanda,Ward,awardlk@themeforest.net,Rengasdengklok,diners-club-enroute,201604108885472
778,Michael,Franklin,mfranklinll@wikia.com,Maluso,jcb,3555071455363477
779,Ruby,Cox,rcoxlm@barnesandnoble.com,Dajin,jcb,3542261191976924
780,Steven,Hanson,shansonln@businessinsider.com,Torbat-e Jām,jcb,3574660954761202
781,Raymond,Burns,rburnslo@forbes.com,Panyarang,jcb,3567030628352615
782,Susan,Patterson,spattersonlp@webeden.co.uk,Xiaotao,jcb,3583605919933346
783,Clarence,George,cgeorgelq@wufoo.com,El Paso,jcb,3546593907089279
784,Patrick,Franklin,pfranklinlr@eepurl.com,Oslo,mastercard,5100146889242342
785,Andrew,Mason,amasonls@fotki.com,Salt Lake City,jcb,3539610293482006
786,Phyllis,Lee,pleelt@google.it,Komorní Lhotka,mastercard,5002358713681533
787,Peter,Smith,psmithlu@usgs.gov,Formosa,jcb,3582947458737071
788,Jean,Andrews,jandrewslv@imageshack.us,Heshui,bankcard,5602218470915728
789,Karen,Bowman,kbowmanlw@creativecommons.org,Ágios Pétros,visa,4604938344129
790,Susan,Fisher,sfisherlx@theglobeandmail.com,Datartua,americanexpress,374288253565302
791,Linda,Bell,lbellly@etsy.com,Pathum Ratchawongsa,china-unionpay,5602250481056663
792,Antonio,George,ageorgelz@360.cn,Musashino,maestro,6759316809859804
793,Willie,Torres,wtorresm0@chicagotribune.com,Limón,jcb,3532054002869392
794,Nicholas,Cook,ncookm1@unblog.fr,Ta`ū,americanexpress,374283416927614
795,Carl,Williams,cwilliamsm2@usda.gov,Macatuba,jcb,3541235383898550
796,Billy,Boyd,bboydm3@creativecommons.org,Vällingby,mastercard,5314797682972444
797,Jane,Arnold,jarnoldm4@china.com.cn,Yitulihe,jcb,3548737362832727
798,Cynthia,Nguyen,cnguyenm5@nasa.gov,Longfengba,mastercard,5594626398695273
799,Amanda,Jordan,ajordanm6@clickbank.net,Uurainen,jcb,3556228408418241
800,Douglas,Black,dblackm7@abc.net.au,Minzheng,switch,633364917052928226
801,Doris,Carroll,dcarrollm8@sciencedirect.com,Zhob,jcb,3578582558345453
802,Joyce,Simpson,jsimpsonm9@microsoft.com,Cilongkrangpusaka,visa-electron,4405199167284879
803,Willie,Bennett,wbennettma@census.gov,Fredericton,jcb,3546291111548558
804,Phyllis,Oliver,polivermb@nhs.uk,Komarno,jcb,3567564667379048
805,Mildred,Lee,mleemc@washingtonpost.com,Abades,visa,4041376510715
806,Scott,Chavez,schavezmd@networksolutions.com,Bulnes,jcb,3578394556472051
807,Laura,White,lwhiteme@adobe.com,Nanpu,solo,633469437815702119
808,Jesse,Armstrong,jarmstrongmf@istockphoto.com,Khānaqāh,visa-electron,4844164586544112
809,Paul,Ruiz,pruizmg@usatoday.com,Delft,china-unionpay,56022341122511300
810,Timothy,Ray,traymh@columbia.edu,Lidong,jcb,3546896211627670
811,Evelyn,Evans,eevansmi@blinklist.com,Ikot-Ekpene,jcb,3531655280290191
812,Samuel,Wright,swrightmj@seattletimes.com,Zhaizigou,jcb,3545070934448928
813,Dorothy,Ramos,dramosmk@sbwire.com,Dalu,bankcard,5610077320283277
814,Jose,Richardson,jrichardsonml@mediafire.com,Quận Mười,jcb,3567188366956672
815,Kenneth,Long,klongmm@netscape.com,Paris 08,diners-club-us-ca,5565424125480515
816,Andrea,Ruiz,aruizmn@w3.org,Chişinău,china-unionpay,560223656675533841
817,Kathleen,Frazier,kfraziermo@comcast.net,Glamoč,maestro,502083296805736591
818,Martha,Dean,mdeanmp@reverbnation.com,Bantry,jcb,3580902172600495
819,Mary,Crawford,mcrawfordmq@howstuffworks.com,Langob,mastercard,5108756294519332
820,Kathleen,Bryant,kbryantmr@oracle.com,Sukabatu,switch,4911392572233474772
821,Sara,Vasquez,svasquezms@myspace.com,Muang Xay,jcb,3573266243276464
822,Walter,Fox,wfoxmt@pbs.org,New Washington,visa,4647722977885
823,Dennis,Howard,dhowardmu@soup.io,Tonj,mastercard,5108754899697942
824,Melissa,Rodriguez,mrodriguezmv@desdev.cn,Shixian,jcb,3551270867563872
825,Gloria,Palmer,gpalmermw@fda.gov,Tuen Mun,jcb,3556640032250578
826,Gary,Gonzalez,ggonzalezmx@fc2.com,Kabalen,diners-club-us-ca,5435961335636988
827,Tina,Porter,tportermy@elpais.com,Vília,china-unionpay,56022379312599180
828,Barbara,Barnes,bbarnesmz@newyorker.com,Dobra,jcb,3568807441450679
829,Denise,Brooks,dbrooksn0@scribd.com,Charqueadas,instapayment,6381120067394397
830,Keith,Wheeler,kwheelern1@blogger.com,Baocun,jcb,3552677287495981
831,Andrew,Jenkins,ajenkinsn2@tripod.com,Qianjin,bankcard,5610296088243162
832,Ashley,Simmons,asimmonsn3@sakura.ne.jp,Lương Bằng,maestro,676121559478014570
833,Marilyn,Ferguson,mfergusonn4@go.com,Piterka,diners-club-enroute,201871954843448
834,Ruth,Schmidt,rschmidtn5@webmd.com,Doetinchem,jcb,3573783361254099
835,Wanda,Fernandez,wfernandezn6@phpbb.com,Qingfeng,mastercard,5010124221592053
836,Sarah,Medina,smedinan7@auda.org.au,Astypálaia,diners-club-enroute,201730300521175
837,Julia,Brooks,jbrooksn8@oakley.com,Tipolo,jcb,3557000612407065
838,Stephanie,Walker,swalkern9@squarespace.com,Kropachëvo,jcb,3585253374085829
839,Ashley,Kelley,akelleyna@msn.com,Bonneuil-sur-Marne,jcb,3570132902081525
840,Michelle,Nichols,mnicholsnb@e-recht24.de,Danderyd,china-unionpay,5602225081804364385
841,Jane,Ford,jfordnc@hhs.gov,Ayapel,jcb,3548067206086086
842,Jack,Spencer,jspencernd@usgs.gov,Bosanski Brod,mastercard,5270598122385011
843,Keith,Sanchez,ksanchezne@fema.gov,Wiyayu Barat,maestro,6759211304656740
844,Deborah,Holmes,dholmesnf@xinhuanet.com,Slavonice,jcb,3536987825809184
845,Karen,Payne,kpayneng@miitbeian.gov.cn,Kropotkin,jcb,3549539335954524
846,Dennis,Morrison,dmorrisonnh@buzzfeed.com,Marcabal,diners-club-carte-blanche,30063090167901
847,Barbara,Ortiz,bortizni@google.nl,Krajan Jamprong,visa,4017954859732613
848,Lori,Mason,lmasonnj@bizjournals.com,Reforma,jcb,3535318176447906
849,Bonnie,Hicks,bhicksnk@google.ca,Mathakola,laser,6709961837001700089
850,Ernest,Garcia,egarcianl@ocn.ne.jp,Avesta,jcb,3559537622897106
851,Billy,Wood,bwoodnm@gnu.org,Lipník nad Bečvou,visa-electron,4917404050389111
852,Cheryl,Fernandez,cfernandeznn@theatlantic.com,Vitória de Santo Antão,jcb,3556558939482880
853,Terry,Hill,thillno@cnn.com,Juyuan,jcb,3569584440903789
854,Cheryl,Kelly,ckellynp@bluehost.com,Mugan,jcb,3587362537324476
855,Janice,Harrison,jharrisonnq@github.com,Chengdong,laser,6771170697535284092
856,Stephen,Henderson,shendersonnr@berkeley.edu,Idi Iroko,jcb,3532096158151521
857,Karen,Collins,kcollinsns@simplemachines.org,Turku,diners-club-carte-blanche,30591909575393
858,Timothy,Franklin,tfranklinnt@earthlink.net,Julcamarca,jcb,3547542749449356
859,Ashley,Larson,alarsonnu@utexas.edu,Waco,visa-electron,4844303916503857
860,Gary,Sullivan,gsullivannv@cnet.com,Yinzhu,diners-club-carte-blanche,30431103510872
861,Shirley,Long,slongnw@reference.com,Padre Burgos,diners-club-carte-blanche,30034531389685
862,Mark,Howell,mhowellnx@pbs.org,Cibetung Dua,jcb,3569328214602940
863,Barbara,Davis,bdavisny@google.cn,Portel,jcb,3564053947072519
864,Jerry,Henderson,jhendersonnz@pcworld.com,Shibetsu,jcb,3540667633233041
865,Diane,Banks,dbankso0@youku.com,Bangrat,solo,633486066443596590
866,Ruth,Sanchez,rsanchezo1@weibo.com,Az Zuwaytīnah,jcb,3578186949006020
867,Linda,Anderson,landersono2@4shared.com,Uzdin,jcb,3554459541280030
868,Sharon,Green,sgreeno3@hatena.ne.jp,Skien,maestro,060429792859212135
869,Victor,Gutierrez,vgutierrezo4@economist.com,Nikolayevka,jcb,3547060450247877
870,Mark,Simpson,msimpsono5@who.int,Bierawa,switch,675997499624757686
871,Catherine,Day,cdayo6@japanpost.jp,Cruz das Almas,diners-club-enroute,201411902443569
872,Ronald,Hawkins,rhawkinso7@printfriendly.com,Qingsong,maestro,58937377551247271
873,Susan,Mendoza,smendozao8@berkeley.edu,Dankama,jcb,3570009585637627
874,David,Hicks,dhickso9@dyndns.org,Birmingham,maestro,675909207883939383
875,Peter,Gilbert,pgilbertoa@epa.gov,Paris 13,jcb,3574776555598056
876,Juan,Bowman,jbowmanob@artisteer.com,Niederwaldkirchen,jcb,3552830733250589
877,Sarah,Simpson,ssimpsonoc@tinypic.com,Karukh,maestro,675981566246817433
878,Ronald,Stewart,rstewartod@people.com.cn,Maszkienice,jcb,3538215296188179
879,Peter,Warren,pwarrenoe@indiegogo.com,Tiên Phước,china-unionpay,5610100766757180
880,Carlos,Fisher,cfisherof@ycombinator.com,Cermee,bankcard,5610824338695335
881,Amy,Lawrence,alawrenceog@nbcnews.com,Dois Vizinhos,jcb,3573168112183591
882,Janet,George,jgeorgeoh@blinklist.com,Jimeta,jcb,3529327845403735
883,Lori,Harvey,lharveyoi@booking.com,Muang Long,jcb,3547789459530418
884,Ruth,Alexander,ralexanderoj@whitehouse.gov,Onsŏng,jcb,3587315441562706
885,Peter,Clark,pclarkok@unc.edu,Mahikeng,switch,493633970824526343
886,Bonnie,Welch,bwelchol@springer.com,Yatunpu,jcb,3530029070493848
887,Carlos,Mason,cmasonom@miibeian.gov.cn,Al Wāsiţah,instapayment,6391692417810197
888,Scott,Williamson,swilliamsonon@gov.uk,Isoka,instapayment,6373445985854549
889,Arthur,Fisher,afisheroo@pinterest.com,Xichuan,laser,6771338802609318508
890,Justin,Bryant,jbryantop@scientificamerican.com,Shuangqiaoping,switch,4905690437086984429
891,Edward,Franklin,efranklinoq@yellowpages.com,Mukdahan,china-unionpay,560221906280985957
892,Lillian,Dunn,ldunnor@imgur.com,Rockford,americanexpress,337941771486973
893,Juan,Kelly,jkellyos@dedecms.com,Temperak,diners-club-enroute,201592042828643
894,Louise,Snyder,lsnyderot@tinyurl.com,Meylan,jcb,3558165254523831
895,Kevin,Jordan,kjordanou@yandex.ru,El Copey,jcb,3566346789215974
896,Jeremy,Weaver,jweaverov@csmonitor.com,Tây Hồ,jcb,3543168090800726
897,Frances,Cruz,fcruzow@disqus.com,Santa Cruz Balanyá,visa-electron,4175000730451920
898,Philip,Roberts,probertsox@fda.gov,Shangyang,diners-club-carte-blanche,30488491523073
899,Larry,Burns,lburnsoy@tamu.edu,Xueshan,jcb,3543294273267622
900,Gregory,Lewis,glewisoz@ucla.edu,Wichita,americanexpress,347518761838252
901,Steven,Franklin,sfranklinp0@usda.gov,Weizhou,jcb,3530424552054350
902,Rebecca,Jacobs,rjacobsp1@go.com,Tsibulev,maestro,501853967777103347
903,Johnny,Hall,jhallp2@alibaba.com,Embalse,jcb,3557906390053428
904,Julia,Nichols,jnicholsp3@telegraph.co.uk,Saint-Lô,mastercard,5010127183649522
905,Edward,Harper,eharperp4@homestead.com,Al Ḩāḑir,diners-club-enroute,201430540927031
906,Theresa,Collins,tcollinsp5@google.com.hk,Hekou,jcb,3537093608409554
907,Marilyn,Ortiz,mortizp6@pagesperso-orange.fr,Narva-Jõesuu,china-unionpay,5602221901861891711
908,Melissa,Alvarez,malvarezp7@un.org,Yangji,maestro,06042721182039634
909,Nicole,Jones,njonesp8@typepad.com,Rayside-Balfour,visa-electron,4405422560891706
910,Louise,Murphy,lmurphyp9@mayoclinic.com,Níkaia,diners-club-us-ca,5533700186534749
911,Carl,Mills,cmillspa@ezinearticles.com,Cigoong,instapayment,6378950556232871
912,Michelle,Bennett,mbennettpb@uol.com.br,Qingyang,jcb,3585760119037022
913,Matthew,Howell,mhowellpc@g.co,Xinxu,jcb,3571347277188577
914,Brenda,Simmons,bsimmonspd@wikispaces.com,Shendang,mastercard,5478657693163999
915,Joan,Alexander,jalexanderpe@netvibes.com,Shinaihai,jcb,3564255471173080
916,Shawn,Matthews,smatthewspf@go.com,Batad,mastercard,5100170130528929
917,Elizabeth,Miller,emillerpg@tumblr.com,Esperanza,switch,4936341326680764964
918,Joseph,Russell,jrussellph@europa.eu,Hecun,switch,4911091197226227
919,Jacqueline,Moreno,jmorenopi@berkeley.edu,Tsybulevka,mastercard,5048375158967223
920,Jonathan,King,jkingpj@blog.com,Żabno,diners-club-enroute,201551159035368
921,Lori,Hansen,lhansenpk@ycombinator.com,Wangzuizi,bankcard,5602235619502795
922,Doris,Jackson,djacksonpl@typepad.com,Nanhai,jcb,3567465509739540
923,Albert,Morales,amoralespm@amazonaws.com,Cangzhou,mastercard,5100133936315594
924,Diane,Garza,dgarzapn@yahoo.com,Monastir,jcb,3579403306530511
925,Brian,Bennett,bbennettpo@ustream.tv,Guxi,americanexpress,374283467962205
926,Sean,Freeman,sfreemanpp@engadget.com,Guiset East,visa,4041376673703
927,Louise,Frazier,lfrazierpq@tiny.cc,Cisitu,jcb,3546291104407028
928,Maria,Cunningham,mcunninghampr@ca.gov,Wang Hin,jcb,3557300983159133
929,Virginia,Martin,vmartinps@businessinsider.com,Jiangkou,diners-club-international,36472960204278
930,Brandon,Porter,bporterpt@uol.com.br,Celestynów,diners-club-enroute,201965149533656
931,Jacqueline,Moore,jmoorepu@cafepress.com,Haninge,jcb,3559040444131226
932,Chris,Mason,cmasonpv@cmu.edu,Timrå,switch,4936593926570450304
933,Jacqueline,Cole,jcolepw@apache.org,Araraquara,maestro,676393069205620112
934,Tina,Powell,tpowellpx@youtube.com,Chābahār,jcb,3535913677701213
935,Howard,Gordon,hgordonpy@businesswire.com,Repušnica,visa-electron,4917654957277963
936,Harold,Williamson,hwilliamsonpz@google.es,Mabalacat,jcb,3575991928153997
937,Andrew,Russell,arussellq0@ucla.edu,Roslavl’,visa-electron,4913449477508706
938,Diana,Holmes,dholmesq1@dion.ne.jp,Polanica-Zdrój,jcb,3573469886067428
939,Jonathan,Payne,jpayneq2@wp.com,Sidomulyo,jcb,3580482350523819
940,Julie,Day,jdayq3@economist.com,Luzhang,maestro,630425211490615881
941,Robin,Ramos,rramosq4@constantcontact.com,Boavista,americanexpress,337941356730381
942,Gerald,Carr,gcarrq5@last.fm,Avanca,maestro,6763833929833966088
943,Eric,Cunningham,ecunninghamq6@bing.com,Shunde,jcb,3586980626882806
944,Lawrence,Hanson,lhansonq7@yahoo.co.jp,Tartagal,jcb,3557161008276926
945,Phillip,Dixon,pdixonq8@tripadvisor.com,Mirzec,switch,4911991129032984355
946,Michael,Phillips,mphillipsq9@diigo.com,Vrbice,jcb,3541984312575140
947,Jerry,Wagner,jwagnerqa@issuu.com,El’brus,mastercard,5501793602196514
948,Cynthia,Mason,cmasonqb@ftc.gov,Habartov,jcb,3539207327230988
949,Cynthia,Gray,cgrayqc@dyndns.org,Lengji,jcb,3529339727395699
950,Thomas,Gibson,tgibsonqd@youtube.com,Solntsevo,jcb,3533210124988705
951,Brian,Stephens,bstephensqe@ed.gov,Xinming,visa-electron,4405392378737161
952,Deborah,Payne,dpayneqf@hc360.com,Wołomin,americanexpress,377021043220962
953,Anna,Carr,acarrqg@patch.com,Albufeira,visa-electron,4508364216684166
954,Kimberly,Ross,krossqh@intel.com,Byumba,jcb,3558389445835157
955,Ronald,Alvarez,ralvarezqi@google.it,Nedryhayliv,jcb,3553985477338351
956,Judith,Elliott,jelliottqj@bigcartel.com,Mehrān,china-unionpay,5602244867315041
957,Marie,Ramirez,mramirezqk@abc.net.au,Nusajaya,mastercard,5010129832182020
958,Joan,Hicks,jhicksql@wix.com,New Iloilo,laser,63041933607654432
959,Jacqueline,Powell,jpowellqm@google.nl,Jiangnan,jcb,3586371805068864
960,Lawrence,Mason,lmasonqn@wp.com,Mar’’ina Horka,bankcard,5602230349494553
961,Keith,Miller,kmillerqo@google.it,Manfalūţ,maestro,060475903031919231
962,Jason,Adams,jadamsqp@tuttocitta.it,Novoye Leushino,jcb,3549521480810644
963,Joshua,Collins,jcollinsqq@ameblo.jp,Virginia Beach,jcb,3538685871330166
964,Jean,Berry,jberryqr@cyberchimps.com,Neos Voutzás,visa-electron,4917603471916283
965,Gregory,Holmes,gholmesqs@imageshack.us,Margorejo,mastercard,5002359713738380
966,Jessica,Oliver,joliverqt@last.fm,Czechowice-Dziedzice,mastercard,5007663737790243
967,Laura,Gonzalez,lgonzalezqu@typepad.com,Strančice,instapayment,6396382386469036
968,Christine,Butler,cbutlerqv@ibm.com,Kax,jcb,3547066220405125
969,Louise,Garcia,lgarciaqw@phpbb.com,Trąbki Wielkie,maestro,5020374188785340567
970,Chris,Johnson,cjohnsonqx@walmart.com,Sanxianling,laser,67065279195697330
971,Christine,Stephens,cstephensqy@imgur.com,Badou,switch,675998185826667646
972,Raymond,Bowman,rbowmanqz@cocolog-nifty.com,Danbury,americanexpress,372301018725749
973,Christina,Peterson,cpetersonr0@google.de,San Carlos,china-unionpay,56022359743223873
974,Robert,Wilson,rwilsonr1@chron.com,Karanggeneng,laser,677126259631018542
975,Paul,Hayes,phayesr2@pen.io,Angasmarca,diners-club-carte-blanche,30002185080553
976,Paula,Alvarez,palvarezr3@seattletimes.com,Puncakwangi,jcb,3561624647504457
977,Brian,Hicks,bhicksr4@opera.com,Gueset,mastercard,5100136034194290
978,Stephanie,Lynch,slynchr5@linkedin.com,Hernández,diners-club-enroute,201477141117595
979,Donna,Lawrence,dlawrencer6@bbb.org,Lutian,visa-electron,4844761828677673
980,Debra,Simpson,dsimpsonr7@zdnet.com,Sidomulyo,diners-club-carte-blanche,30284044085953
981,Antonio,Stewart,astewartr8@arstechnica.com,Glugu,mastercard,5100177676735735
982,Phillip,Watkins,pwatkinsr9@addtoany.com,Kota Kinabalu,jcb,3532761953637541
983,Marie,Mccoy,mmccoyra@wp.com,Wangji,jcb,3545810577765405
984,Wanda,Harvey,wharveyrb@apple.com,Nerekhta,maestro,67620478885694171
985,Andrea,Ruiz,aruizrc@livejournal.com,Cotorra,jcb,3557117544453205
986,Jesse,Bennett,jbennettrd@google.com,Bertioga,jcb,3572301416616039
987,Theresa,Robinson,trobinsonre@privacy.gov.au,Hutou,diners-club-carte-blanche,30542716270918
988,Michelle,Fowler,mfowlerrf@naver.com,Masis,jcb,3540779837569623
989,Deborah,Wood,dwoodrg@google.cn,Padangtikar,jcb,3557290947181267
990,Timothy,Warren,twarrenrh@epa.gov,Flores da Cunha,jcb,3546510366013905
991,Debra,Lawrence,dlawrenceri@reverbnation.com,Cachón,china-unionpay,5602239378145678992
992,Charles,Stewart,cstewartrj@ask.com,Kumlinge,jcb,3544958309213227
993,Joe,Armstrong,jarmstrongrk@intel.com,Lingkou,jcb,3576461434022937
994,Scott,Bishop,sbishoprl@facebook.com,Calarcá,maestro,6762238840461322
995,James,Fields,jfieldsrm@w3.org,Paranaguá,china-unionpay,5602248175702695099
996,Johnny,Fisher,jfisherrn@google.com.br,Starominskaya,visa,4041371636572
997,Phillip,Ward,pwardro@ucla.edu,Jepuro,visa,4041375503083320
998,Carlos,Allen,callenrp@tripod.com,Salamanca,switch,675910964645231148
999,Andrea,Peters,apetersrq@ft.com,Volgograd,jcb,3558928984139263
1000,Margaret,Johnston,mjohnstonrr@hc360.com,Anfusi,jcb,3557129873666364